,continent,location,last_updated_date,total_cases,new_cases,new_cases_smoothed,total_deaths,new_deaths,new_deaths_smoothed,total_cases_per_million,new_cases_per_million,new_cases_smoothed_per_million,total_deaths_per_million,new_deaths_per_million,new_deaths_smoothed_per_million,reproduction_rate,icu_patients,icu_patients_per_million,hosp_patients,hosp_patients_per_million,weekly_icu_admissions,weekly_icu_admissions_per_million,weekly_hosp_admissions,weekly_hosp_admissions_per_million,new_tests,total_tests,total_tests_per_thousand,new_tests_per_thousand,new_tests_smoothed,new_tests_smoothed_per_thousand,positive_rate,tests_per_case,tests_units,total_vaccinations,people_vaccinated,people_fully_vaccinated,total_boosters,new_vaccinations,new_vaccinations_smoothed,total_vaccinations_per_hundred,people_vaccinated_per_hundred,people_fully_vaccinated_per_hundred,total_boosters_per_hundred,new_vaccinations_smoothed_per_million,new_people_vaccinated_smoothed,new_people_vaccinated_smoothed_per_hundred,stringency_index,population,population_density,median_age,aged_65_older,aged_70_older,gdp_per_capita,extreme_poverty,cardiovasc_death_rate,diabetes_prevalence,female_smokers,male_smokers,handwashing_facilities,hospital_beds_per_thousand,life_expectancy,human_development_index,excess_mortality_cumulative_absolute,excess_mortality_cumulative,excess_mortality,excess_mortality_cumulative_per_million,IndicatorCode,Indicator,ValueType,ParentLocationCode,ParentLocation,Location type,SpatialDimValueCode,Location,Period type,Period,IsLatestYear,Dim1 type,Dim1,Dim1ValueCode,Dim2 type,Dim2,Dim2ValueCode,Dim3 type,Dim3,Dim3ValueCode,DataSourceDimValueCode,DataSource,FactValueNumericPrefix,FactValueNumeric,FactValueUoM,FactValueNumericLowPrefix,FactValueNumericLow,FactValueNumericHighPrefix,FactValueNumericHigh,Value,FactValueTranslationID,FactComments,Language,DateModified
0,Europe,Albania,2021-11-28,199555.0,418.0,509.571,3089.0,4.0,7.714,69460.35,145.496,177.37,1075.207,1.392,2.685,0.9400000000000001,,,,,,,,,,,,,,,,,,2081782.0,1067769.0,953489.0,60524.0,7112.0,6859.0,72.46,37.17,33.19,2.11,2387.0,1726.0,0.06,45.37,2872934.0,104.871,38.0,13.188,8.643,11803.431,1.1,304.195,10.08,7.1,51.2,,2.89,78.57,0.795,,,,,HWF_0001,"Medical doctors (per 10,000)",numeric,EUR,Europe,Country,ALB,Albania,Year,2018,False,,,,,,,,,,,,,21.58,,,,,,21.58,,,EN,2021-02-17T00:00:00.000Z
1,Africa,Algeria,2021-11-28,210152.0,172.0,171.429,6058.0,6.0,5.286,4710.172,3.855,3.842,135.779,0.134,0.11800000000000001,1.17,20.0,0.448,,,,,,,,,,,,,,,,12032500.0,6703364.0,5314016.0,13167.0,23526.0,71092.0,26.97,15.02,11.91,0.03,1593.0,27753.0,0.062,39.81,44616626.0,17.348,29.1,6.211,3.857,13913.839,0.5,278.364,6.73,0.7000000000000001,30.4,83.741,1.9,76.88,0.748,,,,,HWF_0001,"Medical doctors (per 10,000)",numeric,AFR,Africa,Country,DZA,Algeria,Year,2018,True,,,,,,,,,,,,,17.19,,,,,,17.19,,,EN,2021-02-17T00:00:00.000Z
2,Oceania,Australia,2021-11-28,209139.0,1155.0,1355.714,1997.0,3.0,7.0,8109.867,44.788,52.571,77.438,0.116,0.271,1.04,,,,,,,,,173881.0,47196453.0,1830.156,6.743,150114.0,5.821,0.009000000000000001,108.9,tests performed,39095588.0,19975729.0,18704697.0,415162.0,32734.0,93063.0,151.6,77.46,72.53,1.6099999999999999,3609.0,26889.0,0.10400000000000001,72.69,25788217.0,3.202,37.9,15.504,10.129,44648.71,0.5,107.791,5.07,13.0,16.5,,3.84,83.44,0.9440000000000001,,,,,HWF_0001,"Medical doctors (per 10,000)",numeric,WPR,Western Pacific,Country,AUS,Australia,Year,2018,True,,,,,,,,,,,,,37.6,,,,,,37.6,,,EN,2021-02-17T00:00:00.000Z
3,Europe,Austria,2021-11-28,1143283.0,10478.0,12381.429,12388.0,39.0,53.286,126426.396,1158.677,1369.162,1369.888,4.313,5.892,1.01,533.0,58.94,2425.0,268.161,,,,,606176.0,109210004.0,12076.649,67.032,476079.0,52.646,0.028,35.5,tests performed,13734781.0,6323440.0,5928271.0,1821613.0,50985.0,108525.0,151.88,69.93,65.56,20.14,12001.0,11969.0,0.132,69.44,9043072.0,106.749,44.4,19.202,13.748,45436.686,0.7000000000000001,145.183,6.35,28.4,30.9,,7.37,81.54,0.922,,,,,HWF_0001,"Medical doctors (per 10,000)",numeric,EUR,Europe,Country,AUT,Austria,Year,2018,True,,,,,,,,,,,,,52.11,,,,,,52.11,,,EN,2021-02-17T00:00:00.000Z
4,Asia,Bangladesh,2021-11-28,1575784.0,205.0,242.286,27978.0,3.0,3.571,9475.351,1.233,1.457,168.235,0.018000000000000002,0.021,1.05,,,,,,,,,21002.0,10761511.0,64.71,0.126,18437.0,0.111,0.013000000000000001,74.4,tests performed,93786813.0,57817590.0,35969223.0,,157.0,631466.0,56.39,34.77,21.63,,3797.0,450704.0,0.271,,166303494.0,1265.036,27.5,5.098,3.262,3523.984,14.8,298.003,8.38,1.0,44.7,34.808,0.8,72.59,0.632,,,,,HWF_0001,"Medical doctors (per 10,000)",numeric,SEAR,South-East Asia,Country,BGD,Bangladesh,Year,2018,False,,,,,,,,,,,,,5.81,,,,,,5.81,,,EN,2021-02-17T00:00:00.000Z
5,Europe,Belgium,2021-11-28,1701633.0,0.0,17161.857,26840.0,0.0,38.857,146284.744,0.0,1475.358,2307.362,0.0,3.34,1.35,632.0,54.331,3139.0,269.851,,,1949.417,167.586,119660.0,24137784.0,2075.059,10.287,111357.0,9.573,0.162,6.2,tests performed,17098813.0,8829939.0,8687099.0,1522516.0,185.0,6323.0,146.99,75.91,74.68,13.09,544.0,3240.0,0.028,53.7,11632334.0,375.564,41.8,18.571,12.849,42658.576,0.2,114.898,4.29,25.1,31.4,,5.64,81.63,0.931,,,,,HWF_0001,"Medical doctors (per 10,000)",numeric,EUR,Europe,Country,BEL,Belgium,Year,2018,False,,,,,,,,,,,,,31.15,,,,,,31.15,,,EN,2021-02-17T00:00:00.000Z
6,North America,Belize,2021-11-28,30165.0,0.0,94.857,570.0,0.0,1.714,74497.117,0.0,234.264,1407.703,0.0,4.234,0.9500000000000001,,,,,,,,,,340447.0,840.786,,1180.0,2.914,0.07200000000000001,14.0,tests performed,403528.0,227261.0,190806.0,,,771.0,99.66,56.13,47.12,,1904.0,172.0,0.042,60.19,404915.0,16.426,25.0,3.8529999999999998,2.279,7824.362,,176.957,17.11,,,90.083,1.3,74.62,0.716,,,,,HWF_0001,"Medical doctors (per 10,000)",numeric,AMR,Americas,Country,BLZ,Belize,Year,2018,True,,,,,,,,,,,,,10.78,,,,,,10.78,,,EN,2021-02-17T00:00:00.000Z
7,Africa,Benin,2021-11-28,24850.0,0.0,0.5710000000000001,161.0,0.0,0.0,1995.819,0.0,0.046,12.931000000000001,0.0,0.0,0.53,,,,,,,,,,,,,,,,,,383501.0,339452.0,297726.0,,,3294.0,3.08,2.73,2.39,,265.0,3169.0,0.025,,12451031.0,99.11,18.8,3.2439999999999998,1.9420000000000002,2064.236,49.6,235.848,0.99,0.6000000000000001,12.3,11.035,0.5,61.77,0.545,,,,,HWF_0001,"Medical doctors (per 10,000)",numeric,AFR,Africa,Country,BEN,Benin,Year,2018,False,,,,,,,,,,,,,0.79,,,,,,0.79,,,EN,2021-02-17T00:00:00.000Z
8,Asia,Bhutan,2021-11-28,2640.0,4.0,1.143,3.0,0.0,0.0,3385.049,5.129,1.465,3.847,0.0,0.0,0.55,,,,,,,,,2455.0,1235929.0,1584.728,3.148,1594.0,2.044,0.0,2791.6,samples tested,1153283.0,589141.0,564142.0,,,245.0,147.88,75.54,72.34,,314.0,40.0,0.005,47.22,779900.0,21.188,28.6,4.885,2.977,8708.597,1.5,217.066,9.75,,,79.807,1.7000000000000002,71.78,0.654,,,,,HWF_0001,"Medical doctors (per 10,000)",numeric,SEAR,South-East Asia,Country,BTN,Bhutan,Year,2018,False,,,,,,,,,,,,,4.24,,,,,,4.24,,,EN,2021-02-17T00:00:00.000Z
9,Africa,Botswana,2021-11-28,194909.0,0.0,66.286,2416.0,0.0,0.0,81305.585,0.0,27.651,1007.826,0.0,0.0,0.55,,,,,,,,,,,,,,,,,,1352557.0,883188.0,469369.0,,,16298.0,56.42,36.84,19.58,,6799.0,7805.0,0.326,13.89,2397240.0,4.044,25.8,3.941,2.242,15807.374,,237.372,4.8100000000000005,5.7,34.4,,1.8,69.59,0.735,,,,,HWF_0001,"Medical doctors (per 10,000)",numeric,AFR,Africa,Country,BWA,Botswana,Year,2018,True,,,,,,,,,,,,,2.89,,,,,,2.89,,,EN,2021-02-17T00:00:00.000Z
10,Europe,Bulgaria,2021-11-28,689356.0,728.0,2295.429,28101.0,58.0,121.143,99955.123,105.558,332.832,4074.584,8.41,17.565,0.84,759.0,110.053,7332.0,1063.124,,,,,,6433278.0,932.811,,35304.0,5.119,0.067,14.9,tests performed,3295198.0,,1755156.0,,4642.0,15595.0,47.78,,25.45,,2261.0,,,43.52,6896655.0,65.18,44.7,20.801,13.272,18563.307,1.5,424.688,5.8100000000000005,30.1,44.4,,7.454,75.05,0.8160000000000001,,,,,HWF_0001,"Medical doctors (per 10,000)",numeric,EUR,Europe,Country,BGR,Bulgaria,Year,2018,True,,,,,,,,,,,,,42.07,,,,,,42.07,,,EN,2021-02-17T00:00:00.000Z
11,Africa,Burkina Faso,2021-11-28,15711.0,0.0,28.143,281.0,0.0,2.286,730.843,0.0,1.309,13.072,0.0,0.106,0.07,,,,,,,,,,,,,,,,,,,,,,,,,,,,,,,13.89,21497097.0,70.151,17.6,2.409,1.358,1703.102,43.7,269.048,2.42,1.6,23.9,11.877,0.4,61.58,0.452,,,,,HWF_0001,"Medical doctors (per 10,000)",numeric,AFR,Africa,Country,BFA,Burkina Faso,Year,2018,False,,,,,,,,,,,,,0.85,,,,,,0.85,,,EN,2021-02-17T00:00:00.000Z
12,North America,Canada,2021-11-28,1794286.0,1725.0,2903.857,29686.0,5.0,19.429,47133.816,45.314,76.281,779.817,0.131,0.51,1.1,465.0,12.215,1414.0,37.144,,,,,99100.0,48388185.0,1271.102,2.6029999999999998,85392.0,2.243,0.033,30.5,tests performed,60438189.0,30336443.0,28984579.0,1117167.0,67552.0,67191.0,158.76,79.69,76.14,2.93,1765.0,26320.0,0.069,67.13,38067913.0,4.037,41.4,16.984,10.797,44017.591,0.5,105.599,7.37,12.0,16.6,,2.5,82.43,0.929,,,,,HWF_0001,"Medical doctors (per 10,000)",numeric,AMR,Americas,Country,CAN,Canada,Year,2018,False,,,,,,,,,,,,,24.25,,,,,,24.25,,,EN,2021-02-17T00:00:00.000Z
13,South America,Chile,2021-11-28,1759405.0,2328.0,2324.0,38313.0,31.0,28.0,91576.715,121.172,120.964,1994.185,1.6139999999999999,1.457,1.02,,,,,,,,,75350.0,25096408.0,1306.264,3.922,68904.0,3.586,0.034,29.1,tests performed,40741174.0,16847009.0,16101741.0,8365405.0,20279.0,98397.0,212.06,87.69,83.81,43.54,5122.0,8371.0,0.044,35.65,19212362.0,24.282,35.4,11.087,6.938,22767.037,1.3,127.993,8.46,34.2,41.5,,2.11,80.18,0.851,,,,,HWF_0001,"Medical doctors (per 10,000)",numeric,AMR,Americas,Country,CHL,Chile,Year,2018,True,,,,,,,,,,,,,51.82,,,,,,51.82,,,EN,2021-02-17T00:00:00.000Z
14,South America,Colombia,2021-11-28,5065373.0,2196.0,2473.143,128437.0,43.0,49.143,98806.006,42.836,48.242,2505.313,0.839,0.9590000000000001,1.09,,,,,,,,,51042.0,27833471.0,542.924,0.996,47584.0,0.928,0.058,17.2,tests performed,56199245.0,36654004.0,24331295.0,,409161.0,370384.0,109.62,71.5,47.46,,7225.0,280997.0,0.548,55.56,51265841.0,44.223,32.2,7.646,4.312,13254.949,4.5,124.24,7.44,4.7,13.5,65.386,1.71,77.29,0.767,,,,,HWF_0001,"Medical doctors (per 10,000)",numeric,AMR,Americas,Country,COL,Colombia,Year,2018,True,,,,,,,,,,,,,38.44,,,,,,38.44,,,EN,2021-02-17T00:00:00.000Z
15,North America,Costa Rica,2021-11-28,566560.0,0.0,144.571,7287.0,0.0,5.143,110245.993,0.0,28.132,1417.966,0.0,1.001,0.72,,,,,,,,,782.0,2101939.0,409.013,0.152,2627.0,0.511,0.059000000000000004,16.9,people tested,7034279.0,3860379.0,3144053.0,29847.0,,22315.0,136.88,75.12,61.18,0.58,4342.0,5528.0,0.108,,5139053.0,96.079,33.6,9.468,5.694,15524.995,1.3,137.973,8.78,6.4,17.4,83.841,1.13,80.28,0.81,,,,,HWF_0001,"Medical doctors (per 10,000)",numeric,AMR,Americas,Country,CRI,Costa Rica,Year,2018,True,,,,,,,,,,,,,28.94,,,,,,28.94,,,EN,2021-02-17T00:00:00.000Z
16,Africa,Cote d'Ivoire,2021-11-28,61708.0,4.0,16.714,704.0,0.0,0.28600000000000003,2280.951,0.148,0.618,26.022,0.0,0.011,1.02,,,,,,,,,2106.0,1140479.0,42.156,0.078,1986.0,0.073,0.009000000000000001,112.1,samples tested,,,,,,,,,,,,,,,27053629.0,76.399,18.7,2.933,1.5819999999999999,3601.006,28.2,303.74,2.42,,,19.351,,57.78,0.538,,,,,HWF_0001,"Medical doctors (per 10,000)",numeric,AFR,Africa,Country,CIV,Cote d'Ivoire,Year,2018,False,,,,,,,,,,,,,1.61,,,,,,1.61,,,EN,2021-02-17T00:00:00.000Z
17,North America,Cuba,2021-11-28,962220.0,153.0,202.571,8300.0,0.0,0.714,85020.558,13.519,17.899,733.378,0.0,0.063,0.66,,,,,,,,,,,,,,,,,,28373238.0,10161233.0,9186075.0,,38327.0,74707.0,250.7,89.78,81.17,,6601.0,5007.0,0.044,33.8,11317498.0,110.408,43.1,14.738,9.719,,,190.968,8.27,17.1,53.3,85.198,5.2,78.8,0.783,,,,,HWF_0001,"Medical doctors (per 10,000)",numeric,AMR,Americas,Country,CUB,Cuba,Year,2018,True,,,,,,,,,,,,,84.2,,,,,,84.2,,,EN,2021-02-17T00:00:00.000Z
18,Europe,Czechia,2021-11-28,2132380.0,22106.0,19584.143,32929.0,185.0,121.429,198831.597,2061.251,1826.103,3070.431,17.25,11.322,1.3599999999999999,778.0,72.544,5304.0,494.566,1219.481,113.709,8125.194,757.625,104857.0,,,9.777,114157.0,10.644,0.165,6.1,tests performed,13372609.0,6625425.0,6341054.0,788292.0,11772.0,46821.0,124.69,61.78,59.13,7.35,4366.0,14996.0,0.14,35.19,10724553.0,137.176,43.3,19.027,11.58,32605.906,,227.485,6.82,30.5,38.3,,6.63,79.38,0.9,,,,,HWF_0001,"Medical doctors (per 10,000)",numeric,EUR,Europe,Country,CZE,Czechia,Year,2018,False,,,,,,,,,,,,,40.24,,,,,,40.24,,,EN,2021-02-17T00:00:00.000Z
19,Europe,Denmark,2021-11-28,483764.0,4387.0,4196.429,2885.0,9.0,9.0,83216.733,754.649,721.867,496.276,1.548,1.548,1.13,51.0,8.773,414.0,71.216,,,436.29,75.05,177433.0,46568224.0,8010.632,30.522,169399.0,29.14,0.024,42.2,tests performed,9681985.0,4553329.0,4447093.0,728073.0,38329.0,28963.0,166.55,78.33,76.5,12.52,4982.0,2649.0,0.046,44.44,5813302.0,136.52,42.3,19.677,12.325,46682.515,0.2,114.767,6.41,19.3,18.8,,2.5,80.9,0.9400000000000001,,,,,HWF_0001,"Medical doctors (per 10,000)",numeric,EUR,Europe,Country,DNK,Denmark,Year,2018,True,,,,,,,,,,,,,42.25,,,,,,42.25,,,EN,2021-02-17T00:00:00.000Z
20,North America,Dominica,2021-11-28,5955.0,136.0,44.714,38.0,1.0,0.429,82511.223,1884.387,619.552,526.52,13.856,5.938,1.17,,,,,,,,,,,,,,,,,,55134.0,28590.0,26544.0,,,168.0,76.39,39.61,36.78,,2328.0,55.0,0.076,79.63,72172.0,98.567,,,,9673.367,,227.376,11.62,,,,3.8,75.0,0.742,,,,,HWF_0001,"Medical doctors (per 10,000)",numeric,AMR,Americas,Country,DMA,Dominica,Year,2018,True,,,,,,,,,,,,,11.03,,,,,,11.03,,,EN,2021-02-17T00:00:00.000Z
21,North America,Dominican Republic,2021-11-28,406803.0,292.0,581.714,4204.0,0.0,2.571,37138.362,26.658,53.107,383.797,0.0,0.23500000000000001,0.84,,,,,,,,,,,,,,,,,,13778350.0,6866072.0,5583029.0,1329249.0,5471.0,13500.0,125.79,62.68,50.97,12.14,1232.0,3125.0,0.029,41.67,10953714.0,222.873,27.6,6.981,4.419,14600.861,1.6,266.653,8.2,8.5,19.1,55.182,1.6,74.08,0.756,,,,,HWF_0001,"Medical doctors (per 10,000)",numeric,AMR,Americas,Country,DOM,Dominican Republic,Year,2018,False,,,,,,,,,,,,,14.1,,,,,,14.1,,,EN,2021-02-17T00:00:00.000Z
22,Africa,Egypt,2021-11-28,356718.0,951.0,903.0,20347.0,42.0,59.143,3421.482,9.122,8.661,195.159,0.403,0.5670000000000001,0.98,,,,,,,,,,,,,,,,,,36906765.0,23649491.0,14022224.0,,,290762.0,35.4,22.68,13.45,,2789.0,271121.0,0.26,,104258327.0,97.999,25.3,5.159,2.891,10550.206,1.3,525.432,17.31,0.2,50.1,89.827,1.6,71.99,0.707,,,,,HWF_0001,"Medical doctors (per 10,000)",numeric,EMR,Eastern Mediterranean,Country,EGY,Egypt,Year,2018,False,,,,,,,,,,,,,7.69,,,,,,7.69,,,EN,2021-02-17T00:00:00.000Z
23,North America,El Salvador,2021-11-28,119803.0,884.0,251.714,3771.0,2.0,2.571,18378.922,135.614,38.615,578.507,0.307,0.394,0.24,,,,,,,,,,,,,,,,,,9143938.0,4420243.0,4048432.0,675263.0,47476.0,16915.0,140.28,67.81,62.11,10.36,2595.0,3098.0,0.048,27.78,6518500.0,307.811,27.6,8.273,5.417,7292.458,2.2,167.295,8.87,2.5,18.8,90.65,1.3,73.32,0.673,,,,,HWF_0001,"Medical doctors (per 10,000)",numeric,AMR,Americas,Country,SLV,El Salvador,Year,2018,True,,,,,,,,,,,,,28.7,,,,,,28.7,,,EN,2021-02-17T00:00:00.000Z
24,Africa,Ethiopia,2021-11-28,371262.0,85.0,151.714,6740.0,4.0,8.286,3149.592,0.721,1.287,57.179,0.034,0.07,0.78,,,,,,,,,6826.0,3836900.0,32.55,0.058,5966.0,0.051000000000000004,0.031,32.8,tests performed,8478852.0,7044802.0,1434050.0,,473246.0,451984.0,7.19,5.98,1.22,,3834.0,447525.0,0.38,43.52,117876226.0,104.957,19.8,3.526,2.063,1729.927,26.7,182.634,7.47,0.4,8.5,7.96,0.30000000000000004,66.6,0.485,,,,,HWF_0001,"Medical doctors (per 10,000)",numeric,AFR,Africa,Country,ETH,Ethiopia,Year,2018,True,,,,,,,,,,,,,0.77,,,,,,0.77,,,EN,2021-02-17T00:00:00.000Z
25,Europe,Finland,2021-11-28,182284.0,0.0,1065.857,1309.0,0.0,8.571,32853.666,0.0,192.103,235.926,0.0,1.545,1.28,38.0,6.849,281.0,50.646,,,,,18221.0,7865029.0,1417.541,3.284,15971.0,2.879,0.064,15.6,tests performed,8313949.0,4286209.0,4027740.0,,4586.0,8902.0,149.85,77.25,72.59,,1604.0,2821.0,0.051000000000000004,32.87,5548361.0,18.136,42.8,21.228,13.264,40585.721,,153.507,5.76,18.3,22.6,,3.2800000000000002,81.91,0.9380000000000001,,,,,HWF_0001,"Medical doctors (per 10,000)",numeric,EUR,Europe,Country,FIN,Finland,Year,2018,True,,,,,,,,,,,,,46.4,,,,,,46.4,,,EN,2021-02-17T00:00:00.000Z
26,Europe,France,2021-11-28,7723032.0,68872.0,29337.571,119875.0,57.0,64.429,114306.484,1019.356,434.217,1774.237,0.844,0.9540000000000001,1.52,1339.0,19.818,8038.0,118.968,694.508,10.279,3153.39,46.672,599149.0,,,8.868,447602.0,6.625,0.053,18.9,people tested,103983223.0,51843873.0,46883650.0,6302353.0,317336.0,238563.0,153.9,76.73,69.39,9.33,3531.0,22897.0,0.034,66.67,67564251.0,122.578,42.0,19.718,13.079,38605.671,,86.06,4.77,30.1,35.6,,5.98,82.66,0.901,,,,,HWF_0001,"Medical doctors (per 10,000)",numeric,EUR,Europe,Country,FRA,France,Year,2018,True,,,,,,,,,,,,,65.34,,,,,,65.34,,,EN,2021-02-17T00:00:00.000Z
27,Asia,Georgia,2021-11-28,838639.0,3333.0,3770.429,11927.0,56.0,61.286,210725.335,837.485,947.398,2996.905,14.071,15.399000000000001,0.96,,,,,,,,,,,,,,,,,,2155561.0,1160258.0,995303.0,,5384.0,8343.0,54.16,29.15,25.01,,2096.0,6187.0,0.155,46.3,3979773.0,65.032,38.7,14.864,10.244,9745.079,4.2,496.218,7.11,5.3,55.5,,2.6,73.77,0.812,,,,,HWF_0001,"Medical doctors (per 10,000)",numeric,EUR,Europe,Country,GEO,Georgia,Year,2018,False,,,,,,,,,,,,,71.2,,,,,,71.2,,,EN,2021-02-17T00:00:00.000Z
28,Europe,Germany,2021-11-28,5804139.0,23325.0,57636.0,100960.0,73.0,261.429,69178.861,278.008,686.957,1203.331,0.87,3.116,1.25,3655.0,43.564,,,,,,,,83746921.0,998.17,,261570.0,3.118,0.199,5.0,tests performed,121857098.0,59221785.0,56911547.0,9167000.0,152673.0,599859.0,145.24,70.59,67.83,10.93,7150.0,82969.0,0.099,55.09,83900471.0,237.016,46.6,21.453,15.957,45229.245,,156.139,8.31,28.2,33.1,,8.0,81.33,0.9470000000000001,,,,,HWF_0001,"Medical doctors (per 10,000)",numeric,EUR,Europe,Country,DEU,Germany,Year,2018,True,,,,,,,,,,,,,43.0,,,,,,43.0,,,EN,2021-02-17T00:00:00.000Z
29,Africa,Ghana,2021-11-28,130920.0,0.0,13.286,1209.0,0.0,0.14300000000000002,4125.787,0.0,0.419,38.1,0.0,0.005,0.84,,,,,,,,,,,,,,,,,,3493688.0,2651463.0,842225.0,,,21226.0,11.01,8.36,2.65,,669.0,20808.0,0.066,40.74,31732128.0,126.719,21.1,3.385,1.948,4227.63,12.0,298.245,4.97,0.30000000000000004,7.7,41.047,0.9,64.07,0.611,,,,,HWF_0001,"Medical doctors (per 10,000)",numeric,AFR,Africa,Country,GHA,Ghana,Year,2018,False,,,,,,,,,,,,,0.96,,,,,,0.96,,,EN,2021-02-17T00:00:00.000Z
30,Europe,Greece,2021-11-28,924506.0,3823.0,6512.286,17959.0,98.0,92.286,89145.555,368.633,627.948,1731.698,9.45,8.899000000000001,1.06,,,,,305.746,29.482,3077.776,296.775,516487.0,34990248.0,3373.937,49.802,374392.0,36.101,0.018000000000000002,57.0,samples tested,14144357.0,7020639.0,6581445.0,1248984.0,11561.0,74106.0,136.39,67.7,63.46,12.04,7146.0,16429.0,0.158,,10370747.0,83.479,45.3,20.396,14.524000000000001,24574.382,1.5,175.695,4.55,35.3,52.0,,4.21,82.24,0.888,,,,,HWF_0001,"Medical doctors (per 10,000)",numeric,EUR,Europe,Country,GRC,Greece,Year,2018,True,,,,,,,,,,,,,62.26,,,,,,62.26,,,EN,2021-02-17T00:00:00.000Z
31,North America,Grenada,2021-11-28,5888.0,0.0,2.143,200.0,0.0,0.0,52099.279,0.0,18.961,1769.677,0.0,0.0,0.89,,,,,,,,,,,,,,,,,,73320.0,39717.0,33603.0,,,148.0,64.88,35.14,29.73,,1310.0,66.0,0.058,,113015.0,317.132,29.4,7.304,5.021,13593.877,,243.964,10.71,,,,3.7,72.4,0.779,,,,,HWF_0001,"Medical doctors (per 10,000)",numeric,AMR,Americas,Country,GRD,Grenada,Year,2018,True,,,,,,,,,,,,,14.36,,,,,,14.36,,,EN,2021-02-17T00:00:00.000Z
32,North America,Guatemala,2021-11-28,617610.0,115.0,531.143,15928.0,11.0,12.571,33841.889,6.301,29.104,872.773,0.603,0.6890000000000001,0.92,,,,,,,,,8115.0,3091052.0,169.374,0.445,6669.0,0.365,0.093,10.7,people tested,9909441.0,5912669.0,3996772.0,,28731.0,56786.0,54.3,32.4,21.9,,3112.0,29495.0,0.162,39.81,18249868.0,157.834,22.9,4.694,3.016,7423.808,8.7,155.898,10.18,,,76.665,0.6000000000000001,74.3,0.663,,,,,HWF_0001,"Medical doctors (per 10,000)",numeric,AMR,Americas,Country,GTM,Guatemala,Year,2018,True,,,,,,,,,,,,,3.55,,,,,,3.55,,,EN,2021-02-17T00:00:00.000Z
33,South America,Guyana,2021-11-28,37773.0,66.0,64.0,987.0,1.0,1.5710000000000002,47794.02,83.51,80.979,1248.847,1.2650000000000001,1.988,0.9400000000000001,,,,,,,,,,,,,,,,,,674075.0,398949.0,275126.0,,1959.0,1699.0,85.29,50.48,34.81,,2150.0,599.0,0.076,65.74,790329.0,3.952,26.3,5.305,2.8369999999999997,7435.047,,373.159,11.62,,,77.159,1.6,69.91,0.682,,,,,HWF_0001,"Medical doctors (per 10,000)",numeric,AMR,Americas,Country,GUY,Guyana,Year,2018,True,,,,,,,,,,,,,18.19,,,,,,18.19,,,EN,2021-02-17T00:00:00.000Z
34,North America,Haiti,2021-11-28,25027.0,0.0,37.0,723.0,0.0,1.714,2168.401,0.0,3.206,62.643,0.0,0.149,1.11,,,,,,,,,,,,,,,,,,184769.0,118222.0,66888.0,,,4512.0,1.6,1.02,0.58,,391.0,1900.0,0.016,,11541683.0,398.448,24.3,4.8,2.954,1653.173,23.5,430.548,6.65,2.9,23.1,22.863,0.7000000000000001,64.0,0.51,,,,,HWF_0001,"Medical doctors (per 10,000)",numeric,AMR,Americas,Country,HTI,Haiti,Year,2018,True,,,,,,,,,,,,,2.34,,,,,,2.34,,,EN,2021-02-17T00:00:00.000Z
35,Europe,Hungary,2021-11-28,1068888.0,0.0,10057.143,33866.0,0.0,155.143,110947.688,0.0,1043.904,3515.199,0.0,16.103,1.31,,,6122.0,635.447,,,,,49296.0,7847984.0,814.6,5.117,41748.0,4.333,0.241,4.2,tests performed,13598032.0,6120959.0,5839078.0,2477399.0,,52461.0,141.14,63.53,60.61,25.71,5445.0,13770.0,0.14300000000000002,19.44,9634162.0,108.043,43.4,18.576999999999998,11.975999999999999,26777.561,0.5,278.296,7.55,26.8,34.8,,7.02,76.88,0.854,,,,,HWF_0001,"Medical doctors (per 10,000)",numeric,EUR,Europe,Country,HUN,Hungary,Year,2018,True,,,,,,,,,,,,,34.08,,,,,,34.08,,,EN,2021-02-17T00:00:00.000Z
36,Europe,Iceland,2021-11-28,17446.0,0.0,144.429,35.0,0.0,0.14300000000000002,50809.646,0.0,420.633,101.934,0.0,0.41600000000000004,1.09,,,24.0,69.897,1.8860000000000001,5.492,16.03,46.686,2058.0,745398.0,2170.894,5.994,2260.0,6.582,,,tests performed,637380.0,285289.0,280766.0,126480.0,,4163.0,185.63,83.09,81.77,36.84,12124.0,109.0,0.032,33.33,343360.0,3.404,37.3,14.431,9.207,46482.958,0.2,117.992,5.31,14.3,15.2,,2.91,82.99,0.9490000000000001,,,,,HWF_0001,"Medical doctors (per 10,000)",numeric,EUR,Europe,Country,ISL,Iceland,Year,2018,False,,,,,,,,,,,,,40.78,,,,,,40.78,,,EN,2021-02-17T00:00:00.000Z
37,Asia,India,2021-11-28,34580832.0,8309.0,8847.286,468790.0,236.0,411.286,24817.431,5.963,6.349,336.434,0.169,0.295,0.88,,,,,,,,,1181246.0,637106009.0,457.228,0.848,1102638.0,0.791,0.008,120.9,samples tested,1223194701.0,784647922.0,438546779.0,,10701655.0,7876782.0,87.78,56.31,31.47,,5653.0,2522843.0,0.181,45.83,1393409033.0,450.419,28.2,5.989,3.414,6426.674,21.2,282.28,10.39,1.9,20.6,59.55,0.53,69.66,0.645,,,,,HWF_0001,"Medical doctors (per 10,000)",numeric,SEAR,South-East Asia,Country,IND,India,Year,2018,False,,,,,,,,,,,,,6.86,,,,,,6.86,,,EN,2021-02-17T00:00:00.000Z
38,Asia,Indonesia,2021-11-28,4255936.0,264.0,360.571,143808.0,1.0,9.857,15399.871,0.9550000000000001,1.305,520.361,0.004,0.036000000000000004,0.96,,,,,,,,,187293.0,35761270.0,129.4,0.678,184017.0,0.666,0.002,502.6,people tested,232869968.0,138530231.0,94339737.0,,2315742.0,1440680.0,84.26,50.13,34.14,,5213.0,643603.0,0.233,,276361788.0,145.725,29.3,5.319,3.053,11188.744,5.7,342.864,6.32,2.8,76.1,64.204,1.04,71.72,0.718,,,,,HWF_0001,"Medical doctors (per 10,000)",numeric,SEAR,South-East Asia,Country,IDN,Indonesia,Year,2018,False,,,,,,,,,,,,,4.27,,,,,,4.27,,,EN,2021-02-17T00:00:00.000Z
39,Asia,Iran,2021-11-28,6108882.0,3781.0,4492.0,129629.0,80.0,96.143,71844.891,44.467,52.829,1524.531,0.9410000000000001,1.131,0.77,,,,,,,,,107694.0,38439240.0,452.073,1.267,108763.0,1.279,0.042,23.8,tests performed,104609358.0,57332853.0,46328337.0,948168.0,,422801.0,123.03,67.43,54.49,1.12,4972.0,116226.0,0.137,69.91,85028760.0,49.831,32.4,5.44,3.182,19082.62,0.2,270.308,9.59,0.8,21.1,,1.5,76.68,0.783,,,,,HWF_0001,"Medical doctors (per 10,000)",numeric,EMR,Eastern Mediterranean,Country,IRN,Iran,Year,2018,True,,,,,,,,,,,,,15.84,,,,,,15.84,,,EN,2021-02-17T00:00:00.000Z
40,Asia,Iraq,2021-11-28,2079622.0,538.0,743.286,23793.0,21.0,18.286,50501.573,13.065,18.05,577.79,0.51,0.444,0.93,,,,,,,,,18215.0,16234312.0,394.234,0.442,16794.0,0.40800000000000003,0.045,22.5,samples tested,11715365.0,7246498.0,4468867.0,,,102527.0,28.45,17.6,10.85,,2490.0,58056.0,0.14100000000000001,38.89,41179351.0,88.125,20.0,3.186,1.957,15663.986,2.5,218.612,8.83,,,94.576,1.4,70.6,0.674,,,,,HWF_0001,"Medical doctors (per 10,000)",numeric,EMR,Eastern Mediterranean,Country,IRQ,Iraq,Year,2018,True,,,,,,,,,,,,,7.08,,,,,,7.08,,,EN,2021-02-17T00:00:00.000Z
41,Europe,Ireland,2021-11-28,560054.0,3735.0,4441.429,5652.0,0.0,6.143,112395.101,749.563,891.333,1134.278,0.0,1.233,1.08,125.0,25.086,669.0,134.259,32.119,6.446,549.034,110.184,32056.0,8861830.0,1778.447,6.433,30613.0,6.144,0.153,6.6,tests performed,8067138.0,3851364.0,3786011.0,666137.0,36802.0,28640.0,161.9,77.29,75.98,13.37,5748.0,1444.0,0.029,44.44,4982904.0,69.874,38.7,13.928,8.678,67335.293,0.2,126.459,3.2800000000000002,23.0,25.7,,2.96,82.3,0.9550000000000001,,,,,HWF_0001,"Medical doctors (per 10,000)",numeric,EUR,Europe,Country,IRL,Ireland,Year,2018,False,,,,,,,,,,,,,33.13,,,,,,33.13,,,EN,2021-02-17T00:00:00.000Z
42,Asia,Israel,2021-11-28,1342210.0,329.0,253.571,8189.0,5.0,1.857,144463.459,35.411,27.292,881.391,0.538,0.2,1.06,82.0,8.826,172.0,18.513,49.0,5.274,84.0,9.041,43651.0,32046789.0,3449.229,4.698,73219.0,7.881,0.004,281.9,tests performed,16165200.0,6316833.0,5774318.0,4074049.0,16253.0,11830.0,173.99,67.99,62.15,43.85,1273.0,7131.0,0.077,53.7,9291000.0,402.606,30.6,11.733,7.359,33132.32,0.5,93.32,6.74,15.4,35.4,,2.99,82.97,0.919,,,,,HWF_0001,"Medical doctors (per 10,000)",numeric,EUR,Europe,Country,ISR,Israel,Year,2018,False,,,,,,,,,,,,,69.44,,,,,,69.44,,,EN,2021-02-17T00:00:00.000Z
43,Europe,Italy,2021-11-28,5007818.0,12927.0,11732.857,133674.0,47.0,71.0,82955.571,214.139,194.357,2214.338,0.779,1.176,1.25,520.0,8.614,4865.0,80.59,303.652,5.03,1959.566,32.461,557180.0,117226273.0,1941.878,9.23,541208.0,8.965,0.02,48.8,tests performed,95571957.0,47139904.0,43998395.0,5928784.0,152055.0,280127.0,158.32,78.09,72.88,9.82,4640.0,23946.0,0.04,71.3,60367471.0,205.859,47.9,23.021,16.24,35220.084,2.0,113.151,4.78,19.8,27.8,,3.18,83.51,0.892,,,,,HWF_0001,"Medical doctors (per 10,000)",numeric,EUR,Europe,Country,ITA,Italy,Year,2018,False,,,,,,,,,,,,,79.27,,,,,,79.27,,,EN,2021-02-17T00:00:00.000Z
44,Asia,Japan,2021-11-28,1726479.0,60.0,89.857,18354.0,0.0,1.5710000000000002,13696.693,0.47600000000000003,0.713,145.608,0.0,0.012,0.71,,,,,,,,,46526.0,26442460.0,209.776,0.369,39680.0,0.315,0.003,381.5,people tested,196915615.0,99726235.0,97189380.0,,135940.0,126984.0,156.22,79.12,77.1,,1007.0,25678.0,0.02,47.22,126050796.0,347.778,48.2,27.049,18.493,39002.223,,79.37,5.72,11.2,33.7,,13.05,84.63,0.919,,,,,HWF_0001,"Medical doctors (per 10,000)",numeric,WPR,Western Pacific,Country,JPN,Japan,Year,2018,True,,,,,,,,,,,,,24.8,,,,,,24.8,,,EN,2021-02-17T00:00:00.000Z
45,Africa,Kenya,2021-11-28,254951.0,11.0,34.429,5333.0,0.0,0.714,4636.678,0.2,0.626,96.989,0.0,0.013000000000000001,0.72,,,,,,,,,,,,,,,,,,6959988.0,4511979.0,2664224.0,,104584.0,71691.0,12.66,8.21,4.85,,1304.0,70268.0,0.128,32.41,54985702.0,87.324,20.0,2.686,1.528,2993.028,36.8,218.637,2.92,1.2,20.4,24.651,1.4,66.7,0.601,,,,,HWF_0001,"Medical doctors (per 10,000)",numeric,AFR,Africa,Country,KEN,Kenya,Year,2018,True,,,,,,,,,,,,,1.57,,,,,,1.57,,,EN,2021-02-17T00:00:00.000Z
46,Europe,Latvia,2021-11-28,252413.0,488.0,899.571,4146.0,16.0,28.0,135201.887,261.391,481.844,2220.753,8.57,14.998,0.8200000000000001,,,1051.0,562.955,312.187,167.219,595.994,319.237,10848.0,5252544.0,2813.46,5.811,9347.0,5.007,0.092,10.9,tests performed,2183900.0,1270370.0,1179473.0,,1029.0,6424.0,116.98,68.05,63.18,,3441.0,2235.0,0.12,46.3,1866934.0,31.212,43.9,19.754,14.136,25063.846,0.7000000000000001,350.06,4.91,25.6,51.0,,5.57,75.29,0.866,,,,,HWF_0001,"Medical doctors (per 10,000)",numeric,EUR,Europe,Country,LVA,Latvia,Year,2018,True,,,,,,,,,,,,,33.02,,,,,,33.02,,,EN,2021-02-17T00:00:00.000Z
47,Asia,Lebanon,2021-11-28,668087.0,1319.0,1240.429,8709.0,8.0,9.143,98695.833,194.855,183.247,1286.572,1.182,1.351,1.24,,,,,,,,,,,,,,,,,,3570392.0,1898771.0,1671621.0,,1099.0,8908.0,52.75,28.05,24.69,,1316.0,4488.0,0.066,34.26,6769151.0,594.561,31.1,8.514,5.43,13367.565,,266.591,12.71,26.9,40.7,,2.9,78.93,0.744,,,,,HWF_0001,"Medical doctors (per 10,000)",numeric,EMR,Eastern Mediterranean,Country,LBN,Lebanon,Year,2018,True,,,,,,,,,,,,,21.04,,,,,,21.04,,,EN,2021-02-17T00:00:00.000Z
48,Europe,Lithuania,2021-11-28,467900.0,1292.0,1763.143,6692.0,20.0,24.429,173949.444,480.322,655.477,2487.86,7.435,9.082,0.9,,,,,,,,,22972.0,6277642.0,2333.816,8.54,19523.0,7.258,0.099,10.1,tests performed,3670082.0,1865221.0,1776053.0,278076.0,4458.0,13448.0,136.44,69.34,66.03,10.34,5000.0,1853.0,0.069,46.3,2689862.0,45.135,43.5,19.002,13.778,29524.265,0.7000000000000001,342.989,3.67,21.3,38.0,,6.5600000000000005,75.93,0.882,,,,,HWF_0001,"Medical doctors (per 10,000)",numeric,EUR,Europe,Country,LTU,Lithuania,Year,2018,False,,,,,,,,,,,,,63.53,,,,,,63.53,,,EN,2021-02-17T00:00:00.000Z
49,Africa,Malawi,2021-11-28,61897.0,8.0,4.857,2305.0,1.0,0.14300000000000002,3150.346,0.40700000000000003,0.247,117.317,0.051000000000000004,0.007,0.85,,,,,,,,,,,,,,,,,,1399007.0,1124719.0,598539.0,,6267.0,7969.0,7.12,5.72,3.05,,406.0,7458.0,0.038,44.44,19647681.0,197.519,18.1,2.979,1.783,1095.042,71.4,227.349,3.94,4.4,24.7,8.704,1.3,64.26,0.483,,,,,HWF_0001,"Medical doctors (per 10,000)",numeric,AFR,Africa,Country,MWI,Malawi,Year,2018,True,,,,,,,,,,,,,0.36,,,,,,0.36,,,EN,2021-02-17T00:00:00.000Z
50,Asia,Maldives,2021-11-28,91464.0,114.0,105.571,248.0,0.0,0.0,168249.88,209.705,194.201,456.201,0.0,0.0,0.96,,,,,,,,,4300.0,1721088.0,3165.976,7.91,3489.0,6.418,0.032,31.3,samples tested,767794.0,395586.0,363150.0,9058.0,930.0,649.0,141.24,72.77,66.8,1.67,1194.0,41.0,0.008,,543620.0,1454.433,30.6,4.12,2.875,15183.616,,164.905,9.19,2.1,55.0,95.803,,78.92,0.74,,,,,HWF_0001,"Medical doctors (per 10,000)",numeric,SEAR,South-East Asia,Country,MDV,Maldives,Year,2018,True,,,,,,,,,,,,,17.08,,,,,,17.08,,,EN,2021-02-17T00:00:00.000Z
51,Africa,Mali,2021-11-28,17339.0,39.0,56.143,605.0,2.0,1.857,831.378,1.87,2.692,29.009,0.096,0.089,1.15,,,,,,,,,,,,,,,,,,734759.0,598437.0,312488.0,,,16209.0,3.52,2.87,1.5,,777.0,20179.0,0.097,44.44,20855724.0,15.196,16.4,2.519,1.486,2014.306,,268.024,2.42,1.6,23.0,52.232,0.1,59.31,0.434,,,,,HWF_0001,"Medical doctors (per 10,000)",numeric,AFR,Africa,Country,MLI,Mali,Year,2018,True,,,,,,,,,,,,,1.29,,,,,,1.29,,,EN,2021-02-17T00:00:00.000Z
52,Africa,Mauritania,2021-11-28,39178.0,63.0,75.857,831.0,0.0,1.857,8204.628,13.193,15.886,174.027,0.0,0.389,1.09,,,,,,,,,,,,,,,,,,1734046.0,1060233.0,673813.0,,,3185.0,36.31,22.2,14.11,,667.0,2739.0,0.057,52.78,4775110.0,4.289,20.3,3.138,1.792,3597.633,6.0,232.347,2.42,,,15.95,,64.92,0.546,,,,,HWF_0001,"Medical doctors (per 10,000)",numeric,AFR,Africa,Country,MRT,Mauritania,Year,2018,True,,,,,,,,,,,,,1.87,,,,,,1.87,,,EN,2021-02-17T00:00:00.000Z
53,Africa,Mauritius,2021-11-28,21040.0,0.0,294.429,240.0,0.0,0.0,16522.332,0.0,231.209,188.468,0.0,0.0,0.39,,,,,,,,,,,,,,,,,,1875132.0,916524.0,914936.0,,35153.0,12836.0,147.25,71.97,71.85,,10080.0,666.0,0.052000000000000005,47.22,1273428.0,622.962,37.4,10.945,5.884,20292.745,0.5,224.644,22.02,3.2,40.7,,3.4,74.99,0.804,,,,,HWF_0001,"Medical doctors (per 10,000)",numeric,AFR,Africa,Country,MUS,Mauritius,Year,2018,True,,,,,,,,,,,,,25.33,,,,,,25.33,,,EN,2021-02-17T00:00:00.000Z
54,North America,Mexico,2021-11-28,3882792.0,2956.0,2950.714,293859.0,245.0,212.429,29807.507,22.693,22.652,2255.904,1.881,1.631,1.12,,,,,,,,,8232.0,11224763.0,86.171,0.063,11941.0,0.092,0.17200000000000001,5.8,people tested,132308788.0,76609987.0,64922896.0,,211396.0,190448.0,101.57,58.81,49.84,,1462.0,106840.0,0.082,35.19,130262220.0,66.444,29.3,6.857,4.321,17336.469,2.5,152.783,13.06,6.9,21.4,87.847,1.38,75.05,0.779,,,,,HWF_0001,"Medical doctors (per 10,000)",numeric,AMR,Americas,Country,MEX,Mexico,Year,2018,True,,,,,,,,,,,,,48.5,,,,,,48.5,,,EN,2021-02-17T00:00:00.000Z
55,Asia,Mongolia,2021-11-28,380945.0,0.0,467.286,1990.0,0.0,6.0,114422.569,0.0,140.356,597.726,0.0,1.802,0.8,,,,,,,,,7033.0,4407750.0,1323.934,2.112,5552.0,1.6680000000000001,0.092,10.9,samples tested,4409756.0,2259870.0,2149886.0,,276.0,524.0,132.45,67.88,64.58,,157.0,160.0,0.005,37.04,3329282.0,1.98,28.6,4.031,2.421,11840.846,0.5,460.043,4.82,5.5,46.5,71.18,7.0,69.87,0.737,,,,,HWF_0001,"Medical doctors (per 10,000)",numeric,WPR,Western Pacific,Country,MNG,Mongolia,Year,2018,True,,,,,,,,,,,,,38.52,,,,,,38.52,,,EN,2021-02-17T00:00:00.000Z
56,Europe,Montenegro,2021-11-28,156873.0,265.0,302.143,2285.0,2.0,5.714,249777.486,421.94,481.08,3638.24,3.184,9.098,0.75,,,,,,,,,,,,,,,,,,528111.0,273517.0,254594.0,,1077.0,908.0,84.09,43.55,40.54,,1446.0,499.0,0.079,,628051.0,46.28,39.1,14.762,9.395,16409.288,1.0,387.305,10.08,44.0,47.9,,3.8609999999999998,76.88,0.8290000000000001,,,,,HWF_0001,"Medical doctors (per 10,000)",numeric,EUR,Europe,Country,MNE,Montenegro,Year,2018,True,,,,,,,,,,,,,27.56,,,,,,27.56,,,EN,2021-02-17T00:00:00.000Z
57,Africa,Mozambique,2021-11-28,151524.0,9.0,5.143,1940.0,0.0,0.28600000000000003,4711.121,0.28,0.16,60.318,0.0,0.009000000000000001,0.77,,,,,,,,,,969546.0,30.145,,1161.0,0.036000000000000004,0.005,213.9,units unclear,9706476.0,6257220.0,3449256.0,,,142029.0,30.18,19.45,10.72,,4416.0,67214.0,0.209,48.15,32163045.0,37.728,17.7,3.158,1.87,1136.103,62.9,329.942,3.3,5.1,29.1,12.227,0.7000000000000001,60.85,0.456,,,,,HWF_0001,"Medical doctors (per 10,000)",numeric,AFR,Africa,Country,MOZ,Mozambique,Year,2018,False,,,,,,,,,,,,,0.84,,,,,,0.84,,,EN,2021-02-17T00:00:00.000Z
58,Asia,Myanmar,2021-11-28,521561.0,350.0,519.857,19088.0,9.0,9.0,9516.492,6.386,9.485,348.283,0.164,0.164,0.81,,,,,,,,,,,,,,,,,,25869175.0,15390873.0,10478302.0,,,230773.0,47.2,28.08,19.12,,4211.0,99752.0,0.182,64.81,54806014.0,81.721,29.1,5.732,3.12,5591.597,6.4,202.104,4.61,6.3,35.2,79.287,0.9,67.13,0.583,,,,,HWF_0001,"Medical doctors (per 10,000)",numeric,SEAR,South-East Asia,Country,MMR,Myanmar,Year,2018,False,,,,,,,,,,,,,6.77,,,,,,6.77,,,EN,2021-02-17T00:00:00.000Z
59,Asia,Nepal,2021-11-28,820878.0,154.0,265.571,11523.0,2.0,3.857,27662.349,5.19,8.949,388.308,0.067,0.13,0.91,,,,,,,,,7104.0,4591660.0,154.732,0.23900000000000002,7587.0,0.256,0.037,26.8,tests performed,17196377.0,9206187.0,7990190.0,,,100096.0,57.95,31.02,26.93,,3373.0,44816.0,0.151,57.87,29674920.0,204.43,25.0,5.809,3.212,2442.804,15.0,260.797,7.26,9.5,37.8,47.782,0.30000000000000004,70.78,0.602,,,,,HWF_0001,"Medical doctors (per 10,000)",numeric,SEAR,South-East Asia,Country,NPL,Nepal,Year,2018,False,,,,,,,,,,,,,7.49,,,,,,7.49,,,EN,2021-02-17T00:00:00.000Z
60,Europe,Netherlands,2021-11-28,2640764.0,22172.0,22525.714,19766.0,45.0,50.714,153773.339,1291.089,1311.686,1150.987,2.62,2.9530000000000003,1.1,466.0,27.135,1850.0,107.727,265.376,15.453,1786.605,104.035,,15418081.0,897.804,,47737.0,2.7800000000000002,0.158,6.3,people tested,24487879.0,13220692.0,12663364.0,,,15059.0,142.59,76.98,73.74,,877.0,7026.0,0.041,52.78,17173094.0,508.544,43.2,18.779,11.881,48472.545,,109.361,5.29,24.4,27.3,,3.32,82.28,0.9440000000000001,,,,,HWF_0001,"Medical doctors (per 10,000)",numeric,EUR,Europe,Country,NLD,Netherlands,Year,2018,True,,,,,,,,,,,,,37.07,,,,,,37.07,,,EN,2021-02-17T00:00:00.000Z
61,Oceania,New Zealand,2021-11-28,11445.0,184.0,181.143,43.0,0.0,0.429,2234.217,35.919,35.362,8.394,0.0,0.084,1.05,,,,,,,,,31620.0,4843960.0,945.606,6.173,30188.0,5.893,0.006,164.1,tests performed,7462890.0,3878887.0,3584003.0,,18880.0,17244.0,145.69,75.72,69.96,,3366.0,5671.0,0.111,78.24,5122600.0,18.206,37.9,15.322,9.72,36085.843,,128.797,8.08,14.8,17.2,,2.61,82.29,0.931,,,,,HWF_0001,"Medical doctors (per 10,000)",numeric,WPR,Western Pacific,Country,NZL,New Zealand,Year,2018,True,,,,,,,,,,,,,34.21,,,,,,34.21,,,EN,2021-02-17T00:00:00.000Z
62,North America,Nicaragua,2021-11-28,17152.0,0.0,18.429,212.0,0.0,0.14300000000000002,2559.091,0.0,2.75,31.631,0.0,0.021,1.1,,,,,,,,,,,,,,,,,,6033123.0,3842428.0,2190695.0,,,311302.0,90.01,57.33,32.69,,46446.0,185228.0,2.7640000000000002,,6702379.0,51.667,27.3,5.445,3.519,5321.444,3.2,137.016,11.47,,,,0.9,74.48,0.66,,,,,HWF_0001,"Medical doctors (per 10,000)",numeric,AMR,Americas,Country,NIC,Nicaragua,Year,2018,True,,,,,,,,,,,,,16.65,,,,,,16.65,,,EN,2021-02-17T00:00:00.000Z
63,Africa,Nigeria,2021-11-28,213982.0,58.0,56.143,2975.0,0.0,0.14300000000000002,1012.21,0.274,0.266,14.073,0.0,0.001,0.88,,,,,,,,,,3479682.0,16.46,,5644.0,0.027,0.01,95.9,samples tested,9640048.0,6183844.0,3456204.0,,,60004.0,4.5600000000000005,2.93,1.63,,284.0,36326.0,0.017,,211400704.0,209.588,18.1,2.751,1.447,5338.454,,181.013,2.42,0.6000000000000001,10.8,41.949,,54.69,0.539,,,,,HWF_0001,"Medical doctors (per 10,000)",numeric,AFR,Africa,Country,NGA,Nigeria,Year,2018,True,,,,,,,,,,,,,3.81,,,,,,3.81,,,EN,2021-02-17T00:00:00.000Z
64,Europe,Norway,2021-11-28,260921.0,1721.0,2572.857,1050.0,0.0,7.286,47738.513,314.877,470.734,192.11,0.0,1.333,1.28,,,222.0,40.617,19.347,3.54,148.667,27.2,18243.0,8427646.0,1541.935,3.338,15947.0,2.918,,,people tested,8563552.0,4236469.0,3817702.0,509381.0,58746.0,28058.0,156.68,77.51,69.85,9.32,5134.0,1120.0,0.02,20.37,5465629.0,14.462,39.7,16.821,10.813,64800.057,0.2,114.316,5.31,19.6,20.7,,3.6,82.4,0.9570000000000001,,,,,HWF_0001,"Medical doctors (per 10,000)",numeric,EUR,Europe,Country,NOR,Norway,Year,2018,False,,,,,,,,,,,,,47.84,,,,,,47.84,,,EN,2021-02-17T00:00:00.000Z
65,Asia,Oman,2021-11-28,304519.0,0.0,3.857,4113.0,0.0,0.0,58299.269,0.0,0.738,787.422,0.0,0.0,0.87,,,,,,,,,,,,,,,,,,5934585.0,3310409.0,2828176.0,,,7995.0,113.62,63.38,54.14,,1531.0,15770.0,0.302,39.81,5223376.0,14.98,30.7,2.355,1.53,37960.709,,266.342,12.61,0.5,15.6,97.4,1.6,77.86,0.8130000000000001,,,,,HWF_0001,"Medical doctors (per 10,000)",numeric,EMR,Eastern Mediterranean,Country,OMN,Oman,Year,2018,False,,,,,,,,,,,,,20.03,,,,,,20.03,,,EN,2021-02-17T00:00:00.000Z
66,Asia,Pakistan,2021-11-28,1284365.0,176.0,310.0,28718.0,9.0,7.857,5703.221,0.782,1.377,127.522,0.04,0.035,0.89,,,,,,,,,44598.0,21876689.0,97.143,0.198,38763.0,0.17200000000000001,0.009000000000000001,117.1,tests performed,122561478.0,79999013.0,49954582.0,,306991.0,234246.0,54.42,35.52,22.18,,1040.0,127923.0,0.057,31.94,225199929.0,255.573,23.5,4.495,2.7800000000000002,5034.708,4.0,423.031,8.35,2.8,36.7,59.607,0.6000000000000001,67.27,0.557,,,,,HWF_0001,"Medical doctors (per 10,000)",numeric,EMR,Eastern Mediterranean,Country,PAK,Pakistan,Year,2018,False,,,,,,,,,,,,,9.8,,,,,,9.8,,,EN,2021-02-17T00:00:00.000Z
67,North America,Panama,2021-11-28,477306.0,0.0,187.0,7361.0,0.0,1.143,108934.602,0.0,42.679,1679.986,0.0,0.261,1.21,,,,,,,,,7700.0,4199210.0,958.377,1.7570000000000001,6247.0,1.426,0.033,30.3,tests performed,5613973.0,3006223.0,2427669.0,180081.0,6561.0,8047.0,128.13,68.61,55.41,4.11,1837.0,1127.0,0.026000000000000002,35.19,4381583.0,55.133,29.7,7.918,5.03,22267.037,2.2,128.346,8.33,2.4,9.9,,2.3,78.51,0.8150000000000001,,,,,HWF_0001,"Medical doctors (per 10,000)",numeric,AMR,Americas,Country,PAN,Panama,Year,2018,False,,,,,,,,,,,,,16.06,,,,,,16.06,,,EN,2021-02-17T00:00:00.000Z
68,Oceania,Papua New Guinea,2021-11-28,35029.0,123.0,83.857,545.0,3.0,8.429,3841.318,13.488,9.196,59.765,0.329,0.924,0.88,,,,,,,,,,,,,,,,,,435991.0,254708.0,181283.0,,,5196.0,4.78,2.79,1.99,,570.0,2530.0,0.028,65.74,9119005.0,18.22,22.6,3.808,2.142,3823.194,,561.494,17.65,23.5,48.8,,,64.5,0.555,,,,,HWF_0001,"Medical doctors (per 10,000)",numeric,WPR,Western Pacific,Country,PNG,Papua New Guinea,Year,2018,False,,,,,,,,,,,,,0.7,,,,,,0.7,,,EN,2021-02-17T00:00:00.000Z
69,South America,Paraguay,2021-11-28,462605.0,0.0,58.143,16367.0,0.0,1.857,64075.901,0.0,8.053,2267.01,0.0,0.257,0.96,,,,,,,,,2197.0,1939609.0,268.657,0.304,1918.0,0.266,0.026000000000000002,39.0,tests performed,5921882.0,3279439.0,2557956.0,84487.0,,25109.0,82.02,45.42,35.43,1.17,3478.0,14146.0,0.196,35.19,7219641.0,17.144,26.5,6.378,3.833,8827.01,1.7000000000000002,199.128,8.27,5.0,21.6,79.602,1.3,74.25,0.728,,,,,HWF_0001,"Medical doctors (per 10,000)",numeric,AMR,Americas,Country,PRY,Paraguay,Year,2018,True,,,,,,,,,,,,,13.54,,,,,,13.54,,,EN,2021-02-17T00:00:00.000Z
70,South America,Peru,2021-11-28,2234075.0,1326.0,1390.143,201108.0,37.0,34.571,66969.849,39.749,41.672,6028.523,1.109,1.036,1.12,,,,,,,,,,,,,,,,,,40928723.0,22271099.0,18018583.0,639041.0,231343.0,207699.0,122.69,66.76,54.01,1.92,6226.0,65799.0,0.197,66.67,33359415.0,25.129,29.1,7.151,4.455,12236.706,3.5,85.755,5.95,4.8,,,1.6,76.74,0.777,,,,,HWF_0001,"Medical doctors (per 10,000)",numeric,AMR,Americas,Country,PER,Peru,Year,2018,True,,,,,,,,,,,,,8.2,,,,,,8.2,,,EN,2021-02-17T00:00:00.000Z
71,Europe,Portugal,2021-11-28,1142707.0,2897.0,2917.714,18417.0,12.0,13.714,112383.522,284.916,286.953,1811.284,1.18,1.349,1.35,89.0,8.753,597.0,58.714,,,77.03,7.5760000000000005,71124.0,20915616.0,2057.02,6.995,55013.0,5.41,0.045,22.1,tests performed,16308391.0,9053901.0,8925907.0,1100000.0,,4321.0,160.39,89.04,87.78,10.82,425.0,1881.0,0.018000000000000002,40.74,10167923.0,112.371,46.2,21.502,14.924,27936.896,0.5,127.842,9.85,16.3,30.0,,3.39,82.05,0.864,,,,,HWF_0001,"Medical doctors (per 10,000)",numeric,EUR,Europe,Country,PRT,Portugal,Year,2018,True,,,,,,,,,,,,,53.12,,,,,,53.12,,,EN,2021-02-17T00:00:00.000Z
72,Asia,Qatar,2021-11-28,243132.0,153.0,149.286,611.0,0.0,0.0,82965.367,52.209,50.942,208.495,0.0,0.0,1.06,,,,,,,,,,,,,,,,,,4961912.0,,,,3996.0,5694.0,169.32,,,,1943.0,,,,2930524.0,227.322,31.9,1.307,0.617,116935.6,,176.69,16.52,0.8,26.9,,1.2,80.23,0.848,,,,,HWF_0001,"Medical doctors (per 10,000)",numeric,EMR,Eastern Mediterranean,Country,QAT,Qatar,Year,2018,True,,,,,,,,,,,,,24.85,,,,,,24.85,,,EN,2021-02-17T00:00:00.000Z
73,Europe,Russia,2021-11-28,9403480.0,32786.0,33226.0,267527.0,1190.0,1202.857,64446.232,224.697,227.713,1833.482,8.156,8.244,0.9400000000000001,,,,,,,,,370272.0,222989343.0,1528.245,2.5380000000000003,580638.0,3.979,0.059000000000000004,16.9,tests performed,125594890.0,66201198.0,56115075.0,4301470.0,505701.0,773109.0,86.08,45.37,38.46,2.95,5298.0,343573.0,0.23500000000000001,38.43,145912022.0,8.823,39.6,14.178,9.393,24765.954,0.1,431.297,6.18,23.4,58.3,,8.05,72.58,0.8240000000000001,,,,,HWF_0001,"Medical doctors (per 10,000)",numeric,EUR,Europe,Country,RUS,Russia,Year,2018,True,,,,,,,,,,,,,44.4,,,,,,44.4,,,EN,2021-02-17T00:00:00.000Z
74,Africa,Rwanda,2021-11-28,100330.0,5.0,16.143,1342.0,0.0,0.28600000000000003,7556.952,0.377,1.216,101.081,0.0,0.022,0.8300000000000001,,,,,,,,,12065.0,3419396.0,257.552,0.909,11463.0,0.863,0.001,680.0,samples tested,8748557.0,5744232.0,3004325.0,,,117452.0,65.89,43.27,22.63,,8847.0,83092.0,0.626,51.85,13276517.0,494.869,20.3,2.974,1.642,1854.211,56.0,191.375,4.28,4.7,21.0,4.617,,69.02,0.543,,,,,HWF_0001,"Medical doctors (per 10,000)",numeric,AFR,Africa,Country,RWA,Rwanda,Year,2018,False,,,,,,,,,,,,,1.34,,,,,,1.34,,,EN,2021-02-17T00:00:00.000Z
75,North America,Saint Kitts and Nevis,2021-11-28,2782.0,3.0,2.286,28.0,0.0,0.0,51955.328,56.027,42.687,522.915,0.0,0.0,0.65,,,,,,,,,85.0,56279.0,1051.04,1.587,96.0,1.7930000000000001,0.019,51.7,people tested,51414.0,26851.0,24563.0,,,77.0,96.02,50.15,45.87,,1438.0,91.0,0.17,,53546.0,212.865,,,,24654.385,,,12.84,,,,2.3,76.23,0.779,,,,,HWF_0001,"Medical doctors (per 10,000)",numeric,AMR,Americas,Country,KNA,Saint Kitts and Nevis,Year,2018,True,,,,,,,,,,,,,27.67,,,,,,27.67,,,EN,2021-02-17T00:00:00.000Z
76,Asia,Saudi Arabia,2021-11-28,549695.0,24.0,30.857,8833.0,1.0,1.286,15554.172,0.679,0.873,249.939,0.028,0.036000000000000004,0.89,,,,,,,,,24275.0,31055094.0,878.735,0.687,32573.0,0.922,0.001,863.7,tests performed,47309172.0,24581780.0,22380259.0,,15910.0,35426.0,133.87,69.56,63.33,,1002.0,10702.0,0.03,51.85,35340680.0,15.322,31.9,3.295,1.845,49045.411,,259.538,17.72,1.8,25.4,,2.7,75.13,0.854,,,,,HWF_0001,"Medical doctors (per 10,000)",numeric,EMR,Eastern Mediterranean,Country,SAU,Saudi Arabia,Year,2018,True,,,,,,,,,,,,,26.12,,,,,,26.12,,,EN,2021-02-17T00:00:00.000Z
77,Africa,Seychelles,2021-11-28,23197.0,0.0,43.143,125.0,0.0,0.0,234526.337,0.0,436.183,1263.775,0.0,0.0,1.17,,,,,,,,,,,,,,,,,,178093.0,81867.0,77809.0,,,512.0,180.06,82.77,78.67,,5176.0,33.0,0.033,75.0,98910.0,208.354,36.2,8.606,5.586,26382.287,1.1,242.648,10.55,7.1,35.7,,3.6,73.4,0.796,,,,,HWF_0001,"Medical doctors (per 10,000)",numeric,AFR,Africa,Country,SYC,Seychelles,Year,2018,True,,,,,,,,,,,,,24.72,,,,,,24.72,,,EN,2021-02-17T00:00:00.000Z
78,Africa,Sierra Leone,2021-11-28,6401.0,0.0,0.14300000000000002,121.0,0.0,0.0,786.234,0.0,0.018000000000000002,14.862,0.0,0.0,0.0,,,,,,,,,,,,,,,,,,,,,,,,,,,,,,,29.63,8141343.0,104.7,19.1,2.5380000000000003,1.2850000000000001,1390.3,52.2,325.721,2.42,8.8,41.3,19.275,,54.7,0.452,,,,,HWF_0001,"Medical doctors (per 10,000)",numeric,AFR,Africa,Country,SLE,Sierra Leone,Year,2018,True,,,,,,,,,,,,,0.74,,,,,,0.74,,,EN,2021-02-17T00:00:00.000Z
79,Europe,Slovakia,2021-11-28,1152125.0,9057.0,11123.0,14274.0,46.0,59.0,210983.851,1658.571,2036.909,2613.938,8.424,10.804,1.18,271.0,49.627,3021.0,553.223,,,,,64439.0,44462696.0,8142.268,11.8,65174.0,11.935,0.169,5.9,tests performed,4959747.0,2618464.0,2341283.0,,2.0,6427.0,90.83,47.95,42.87,,1177.0,5447.0,0.1,34.72,5460726.0,113.128,41.2,15.07,9.167,30155.152,0.7000000000000001,287.959,7.29,23.1,37.7,,5.82,77.54,0.86,,,,,HWF_0001,"Medical doctors (per 10,000)",numeric,EUR,Europe,Country,SVK,Slovakia,Year,2018,True,,,,,,,,,,,,,35.17,,,,,,35.17,,,EN,2021-02-17T00:00:00.000Z
80,Europe,Slovenia,2021-11-28,417376.0,1478.0,2384.429,5188.0,23.0,17.857,200784.809,711.013,1147.064,2495.763,11.064,8.59,0.86,265.0,127.482,1126.0,541.679,159.683,76.818,729.982,351.168,6523.0,1918245.0,922.8,3.138,6472.0,3.113,0.40700000000000003,2.5,tests performed,2660915.0,1229226.0,1146504.0,285185.0,508.0,9174.0,128.01,59.13,55.15,13.72,4413.0,1113.0,0.054,53.7,2078723.0,102.619,44.5,19.062,12.93,31400.84,,153.493,7.25,20.1,25.0,,4.5,81.32,0.917,,,,,HWF_0001,"Medical doctors (per 10,000)",numeric,EUR,Europe,Country,SVN,Slovenia,Year,2018,True,,,,,,,,,,,,,31.72,,,,,,31.72,,,EN,2021-02-17T00:00:00.000Z
81,Africa,South Africa,2021-11-28,2961406.0,2858.0,1851.143,89797.0,6.0,31.857,49322.244,47.6,30.831,1495.57,0.1,0.531,0.68,,,,,,,,,34880.0,19383834.0,322.838,0.581,41557.0,0.6920000000000001,0.037,27.0,people tested,25274889.0,17018870.0,14288326.0,,36100.0,92012.0,42.1,28.34,23.8,,1532.0,54122.0,0.09,45.37,60041996.0,46.754,27.3,5.344,3.053,12294.876,18.9,200.38,5.52,8.1,33.2,43.993,2.32,64.13,0.709,,,,,HWF_0001,"Medical doctors (per 10,000)",numeric,AFR,Africa,Country,ZAF,South Africa,Year,2018,False,,,,,,,,,,,,,7.87,,,,,,7.87,,,EN,2021-02-17T00:00:00.000Z
82,Asia,South Korea,2021-11-28,444200.0,3304.0,3706.857,3580.0,32.0,40.286,8657.994,64.399,72.251,69.779,0.624,0.785,1.23,,,,,,,,,,,,,,,,,,84760570.0,42511121.0,40902753.0,2845397.0,5264.0,240651.0,165.21,82.86,79.72,5.55,4691.0,37632.0,0.073,39.35,51305184.0,527.967,43.4,13.914,8.622,35938.374,0.2,85.998,6.8,6.2,40.9,,12.27,83.03,0.916,,,,,HWF_0001,"Medical doctors (per 10,000)",numeric,WPR,Western Pacific,Country,KOR,South Korea,Year,2018,True,,,,,,,,,,,,,24.08,,,,,,24.08,,,EN,2021-02-17T00:00:00.000Z
83,Europe,Spain,2021-11-28,5131012.0,0.0,7192.714,87955.0,0.0,20.714,109765.512,0.0,153.871,1881.583,0.0,0.443,1.5,458.0,9.798,2398.0,51.299,59.255,1.268,977.714,20.916,,63621322.0,1361.023,,90638.0,1.939,0.049,20.3,tests performed,76026523.0,38288327.0,37582174.0,4567312.0,453367.0,191801.0,162.64,81.91,80.4,9.77,4103.0,11232.0,0.024,41.2,46745211.0,93.105,45.5,19.436,13.799,34272.36,1.0,99.403,7.17,27.4,31.4,,2.9699999999999998,83.56,0.904,,,,,HWF_0001,"Medical doctors (per 10,000)",numeric,EUR,Europe,Country,ESP,Spain,Year,2018,True,,,,,,,,,,,,,40.3,,,,,,40.3,,,EN,2021-02-17T00:00:00.000Z
84,Asia,Sri Lanka,2021-11-28,562520.0,742.0,842.0,14305.0,27.0,25.429,26167.0,34.516,39.168,665.432,1.256,1.183,1.03,,,,,,,,,6437.0,5631989.0,261.986,0.299,6459.0,0.30000000000000004,0.129,7.7,tests performed,29664809.0,15926273.0,13738536.0,,2918.0,6978.0,137.99,74.08,63.91,,325.0,2232.0,0.01,52.78,21497306.0,341.955,34.1,10.069,5.331,11669.077,0.7000000000000001,197.093,10.68,0.30000000000000004,27.0,,3.6,76.98,0.782,,,,,HWF_0001,"Medical doctors (per 10,000)",numeric,SEAR,South-East Asia,Country,LKA,Sri Lanka,Year,2018,False,,,,,,,,,,,,,10.04,,,,,,10.04,,,EN,2021-02-17T00:00:00.000Z
85,South America,Suriname,2021-11-28,50760.0,19.0,46.0,1166.0,2.0,2.429,85772.51,32.106,77.729,1970.267,3.38,4.104,0.81,,,,,,,,,,,,,,,,,,475442.0,257172.0,218270.0,,843.0,530.0,80.34,43.46,36.88,,896.0,158.0,0.027,72.22,591798.0,3.612,29.6,6.933,4.229,13767.119,,258.314,12.54,7.4,42.9,67.779,3.1,71.68,0.738,,,,,HWF_0001,"Medical doctors (per 10,000)",numeric,AMR,Americas,Country,SUR,Suriname,Year,2018,True,,,,,,,,,,,,,8.19,,,,,,8.19,,,EN,2021-02-17T00:00:00.000Z
86,Europe,Switzerland,2021-11-28,986834.0,0.0,6516.571,11471.0,1.0,12.714,113227.546,0.0,747.7,1316.162,0.115,1.459,1.48,217.0,24.898,1248.0,143.193,,,330.0,37.864,43139.0,12217778.0,1401.846,4.95,44326.0,5.086,0.158,6.3,tests performed,11667889.0,5828268.0,5676984.0,,52349.0,36536.0,133.88,66.87,65.14,,4192.0,3487.0,0.04,50.0,8715494.0,214.243,43.1,18.436,12.644,57410.166,,99.739,5.59,22.6,28.9,,4.53,83.78,0.9550000000000001,,,,,HWF_0001,"Medical doctors (per 10,000)",numeric,EUR,Europe,Country,CHE,Switzerland,Year,2018,True,,,,,,,,,,,,,43.33,,,,,,43.33,,,EN,2021-02-17T00:00:00.000Z
87,Asia,Thailand,2021-11-28,2106813.0,5854.0,6033.143,20707.0,30.0,45.714,30118.479,83.687,86.248,296.022,0.429,0.654,1.03,,,,,,,,,32124.0,16163876.0,231.075,0.459,44361.0,0.634,0.149,6.7,tests performed,92125296.0,47847646.0,40963885.0,3313765.0,467240.0,474529.0,131.7,68.4,58.56,4.74,6784.0,171530.0,0.245,,69950844.0,135.132,40.1,11.373,6.89,16277.671,0.1,109.861,7.04,1.9,38.8,90.67,2.1,77.15,0.777,,,,,HWF_0001,"Medical doctors (per 10,000)",numeric,SEAR,South-East Asia,Country,THA,Thailand,Year,2018,False,,,,,,,,,,,,,8.05,,,,,,8.05,,,EN,2021-02-17T00:00:00.000Z
88,Africa,Togo,2021-11-28,26241.0,0.0,4.857,243.0,0.0,0.0,3095.099,0.0,0.5730000000000001,28.662,0.0,0.0,0.86,,,,,,,,,814.0,573493.0,67.643,0.096,986.0,0.116,0.006,168.3,tests performed,1507722.0,998792.0,508930.0,,,7736.0,17.78,11.78,6.0,,912.0,3924.0,0.046,38.89,8478242.0,143.366,19.4,2.839,1.525,1429.813,49.2,280.033,6.15,0.9,14.2,10.475,0.7000000000000001,61.04,0.515,,,,,HWF_0001,"Medical doctors (per 10,000)",numeric,AFR,Africa,Country,TGO,Togo,Year,2018,False,,,,,,,,,,,,,0.77,,,,,,0.77,,,EN,2021-02-17T00:00:00.000Z
89,North America,Trinidad and Tobago,2021-11-28,70136.0,456.0,606.714,2115.0,25.0,21.143,49976.699,324.931,432.325,1507.082,17.814,15.066,1.22,,,,,,,,,,,,,,,,,,1285160.0,643361.0,641799.0,,1208.0,1784.0,91.58,45.84,45.73,,1271.0,821.0,0.059000000000000004,62.96,1403374.0,266.886,36.2,10.014,5.819,28763.071,,228.467,10.97,,,89.443,3.0,73.51,0.796,,,,,HWF_0001,"Medical doctors (per 10,000)",numeric,AMR,Americas,Country,TTO,Trinidad and Tobago,Year,2018,False,,,,,,,,,,,,,54.07,,,,,,54.07,,,EN,2021-02-17T00:00:00.000Z
90,Asia,Turkey,2021-11-28,8748025.0,21655.0,24928.714,76446.0,213.0,200.571,102866.222,254.637,293.132,898.913,2.505,2.358,1.01,,,,,,,,,361229.0,106545243.0,1252.844,4.248,359648.0,4.229,0.069,14.5,tests performed,120114498.0,56201040.0,50354168.0,13559290.0,56073.0,112397.0,141.24,66.09,59.21,15.94,1322.0,23272.0,0.027,37.96,85042736.0,104.914,31.6,8.153,5.061,25129.341,0.2,171.285,12.13,14.1,41.1,,2.81,77.69,0.8200000000000001,,,,,HWF_0001,"Medical doctors (per 10,000)",numeric,EUR,Europe,Country,TUR,Turkey,Year,2018,True,,,,,,,,,,,,,18.07,,,,,,18.07,,,EN,2021-02-17T00:00:00.000Z
91,Asia,United Arab Emirates,2021-11-28,741918.0,60.0,69.286,2146.0,1.0,0.28600000000000003,74258.016,6.005,6.9350000000000005,214.792,0.1,0.029,0.98,,,,,,,,,230869.0,97208646.0,9729.54,23.108,268259.0,26.85,0.0,3711.1,tests performed,21548528.0,9801529.0,8832256.0,2914743.0,,28618.0,215.68,98.1,88.4,29.17,2864.0,7100.0,0.07100000000000001,,9991083.0,112.442,34.0,1.1440000000000001,0.526,67293.483,,317.84,17.26,1.2,37.4,,1.2,77.97,0.89,,,,,HWF_0001,"Medical doctors (per 10,000)",numeric,EMR,Eastern Mediterranean,Country,ARE,United Arab Emirates,Year,2018,True,,,,,,,,,,,,,25.28,,,,,,25.28,,,EN,2021-02-17T00:00:00.000Z
92,Europe,United Kingdom,2021-11-28,10202370.0,36591.0,43594.857,145218.0,51.0,121.286,149579.265,536.469,639.154,2129.074,0.748,1.778,1.08,925.0,13.562,7633.0,111.909,,,5657.0,82.939,1061365.0,324419813.0,4756.393,15.561,949367.0,13.919,0.046,21.9,tests performed,114809189.0,50917949.0,46309909.0,17581331.0,504463.0,400059.0,168.32,74.65,67.9,25.78,5865.0,22414.0,0.033,46.76,68207114.0,272.898,40.8,18.517,12.527,39753.244,0.2,122.137,4.28,20.0,24.7,,2.54,81.32,0.932,,,,,HWF_0001,"Medical doctors (per 10,000)",numeric,EUR,Europe,Country,GBR,United Kingdom,Year,2018,False,,,,,,,,,,,,,56.16,,,,,,56.16,,,EN,2021-02-17T00:00:00.000Z
93,North America,United States,2021-11-28,48229210.0,28131.0,70093.714,776639.0,103.0,729.857,144869.409,84.499,210.545,2332.844,0.309,2.192,0.75,11350.0,34.093,43820.0,131.625,,,45266.0,135.969,510375.0,658406877.0,1977.702,1.533,1094103.0,3.286,0.088,11.4,tests performed,454447737.0,231367686.0,194668359.0,37431278.0,3.0,842971.0,135.12,68.79,57.88,11.13,2506.0,269386.0,0.08,44.91,332915074.0,35.608,38.3,15.413,9.732,54225.446,1.2,151.089,10.79,19.1,24.6,,2.77,78.86,0.926,,,,,HWF_0001,"Medical doctors (per 10,000)",numeric,AMR,Americas,Country,USA,United States,Year,2018,True,,,,,,,,,,,,,26.04,,,,,,26.04,,,EN,2021-02-17T00:00:00.000Z
94,Africa,Zimbabwe,2021-11-28,133951.0,115.0,43.429,4705.0,1.0,0.857,8875.529,7.62,2.878,311.751,0.066,0.057,1.08,,,,,,,,,2865.0,1439911.0,95.408,0.19,2764.0,0.183,0.01,101.8,tests performed,6568694.0,3770886.0,2797808.0,,8252.0,21284.0,43.52,24.99,18.54,,1410.0,14125.0,0.094,44.44,15092171.0,42.729,19.6,2.822,1.8820000000000001,1899.775,21.4,307.846,1.82,1.6,30.7,36.791,1.7000000000000002,61.49,0.5710000000000001,,,,,HWF_0001,"Medical doctors (per 10,000)",numeric,AFR,Africa,Country,ZWE,Zimbabwe,Year,2018,True,,,,,,,,,,,,,2.1,,,,,,2.1,,,EN,2021-02-17T00:00:00.000Z
