,yfit,xfit,doctors_per_10000,life_expectancy
0,61.70545262756192,0.36,21.58,78.57
1,61.852571013808436,0.4439239239239239,17.19,76.88
2,61.99866614177724,0.5278478478478479,37.6,83.44
3,62.143743398939336,0.6117717717717718,52.11,81.54
4,62.287808154243564,0.6956956956956957,5.81,72.59
5,62.43086575814751,0.7796196196196196,31.15,81.63
6,62.57292154264834,0.8635435435435436,10.78,74.62
7,62.71398082131364,0.9474674674674675,0.79,61.77
8,62.854048889312324,1.0313913913913915,4.24,71.78
9,62.99313102344543,1.1153153153153152,2.89,69.59
10,63.131232482177026,1.199239239239239,42.07,75.05
11,63.26835850566503,1.283163163163163,0.85,61.58
12,63.404514315792085,1.367087087087087,24.25,82.43
13,63.53970511619643,1.451011011011011,51.82,80.18
14,63.67393609230271,1.534934934934935,38.44,77.29
15,63.807212411352886,1.6188588588588586,28.94,80.28
16,63.93953922243705,1.7027827827827826,1.61,57.78
17,64.07092165652432,1.7867067067067066,84.2,78.8
18,64.20136482649364,1.8706306306306306,40.24,79.38
19,64.33087382716471,1.9545545545545546,42.25,80.9
20,64.45945373532878,2.038478478478478,11.03,75.0
21,64.58710960977955,2.122402402402402,14.1,74.08
22,64.71384649134399,2.206326326326326,7.69,71.99
23,64.83966940291322,2.29025025025025,28.7,73.32
24,64.96458334947336,2.374174174174174,0.77,66.6
25,65.08859331813639,2.4580980980980978,46.4,81.91
26,65.21170427817101,2.5420220220220218,65.34,82.66
27,65.33392118103347,2.6259459459459458,71.2,73.77
28,65.45524896039848,2.7098698698698698,43.0,81.33
29,65.57569253218998,2.793793793793794,0.96,64.07
30,65.6952567946121,2.8777177177177173,62.26,82.24
31,65.81394662817998,2.9616416416416413,14.36,72.4
32,65.93176689575053,3.0455655655655653,3.55,74.3
33,66.04872244255345,3.1294894894894894,18.19,69.91
34,66.16481809622198,3.2134134134134134,2.34,64.0
35,66.28005866682378,3.297337337337337,34.08,76.88
36,66.39444894689179,3.381261261261261,40.78,82.99
37,66.50799371145507,3.465185185185185,6.86,69.66
38,66.6206977180697,3.549109109109109,4.27,71.72
39,66.73256570684963,3.633033033033033,15.84,76.68
40,66.84360240049743,3.7169569569569565,7.08,70.6
41,66.95381250433532,3.8008808808808805,33.13,82.3
42,67.06320070633588,3.8848048048048045,69.44,82.97
43,67.17177167715302,3.9687287287287285,79.27,83.51
44,67.27953007015272,4.052652652652653,24.8,84.63
45,67.386480521444,4.1365765765765765,1.57,66.7
46,67.49262764990969,4.2205005005005,33.02,75.29
47,67.59797605723736,4.3044244244244245,21.04,78.93
48,67.70253032795009,4.388348348348349,63.53,75.93
49,67.8062950294374,4.4722722722722725,0.36,64.26
50,67.90927471198609,4.556196196196196,17.08,78.92
51,68.01147390881107,4.6401201201201205,1.29,59.31
52,68.11289713608623,4.724044044044044,1.87,64.92
53,68.21354889297534,4.8079679679679685,25.33,74.99
54,68.31343366166281,4.891891891891892,48.5,75.05
55,68.41255590738464,4.975815815815816,38.52,69.87
56,68.51092007845926,5.05973973973974,27.56,76.88
57,68.60853060631831,5.143663663663664,0.84,60.85
58,68.70539190553758,5.227587587587588,6.77,67.13
59,68.80150837386786,5.311511511511512,7.49,70.78
60,68.89688439226576,5.395435435435435,37.07,82.28
61,68.99152432492458,5.47935935935936,34.21,82.29
62,69.08543251930517,5.563283283283283,16.65,74.48
63,69.1786133061668,5.647207207207208,3.81,54.69
64,69.27107099959798,5.731131131131131,47.84,82.4
65,69.36280989704734,5.815055055055055,20.03,77.86
66,69.45383427935452,5.898978978978979,9.8,67.27
67,69.54414841078098,5.982902902902903,16.06,78.51
68,69.63375653904083,6.066826826826827,0.7,64.5
69,69.72266289533177,6.150750750750751,13.54,74.25
70,69.81087169436587,6.234674674674674,8.2,76.74
71,69.89838713440051,6.318598598598599,53.12,82.05
72,69.98521339726912,6.402522522522522,24.85,80.23
73,70.07135464841214,6.486446446446447,44.4,72.58
74,70.15681503690783,6.57037037037037,1.34,69.02
75,70.24159869550314,6.654294294294294,27.67,76.23
76,70.32570974064456,6.738218218218218,26.12,75.13
77,70.40915227250898,6.822142142142142,24.72,73.4
78,70.49193037503451,6.906066066066066,0.74,54.7
79,70.57404811595144,6.98998998998999,35.17,77.54
80,70.65550954681297,7.0739139139139136,31.72,81.32
81,70.73631870302614,7.157837837837838,7.87,64.13
82,70.81647960388267,7.241761761761762,24.08,83.03
83,70.89599625258984,7.325685685685686,40.3,83.56
84,70.97487263630128,7.40960960960961,10.04,76.98
85,71.05311272614793,7.493533533533534,8.19,71.68
86,71.13072047726877,7.577457457457458,43.33,83.78
87,71.20769982884178,7.661381381381381,8.05,77.15
88,71.28405470411478,7.745305305305306,0.77,61.04
89,71.35978901043622,7.829229229229229,54.07,73.51
90,71.43490663928611,7.913153153153154,18.07,77.69
91,71.50941146630686,7.997077077077077,25.28,77.97
92,71.58330735133408,8.081001001001,56.16,81.32
93,71.65659813842755,8.164924924924925,26.04,78.86
94,71.72928765590197,8.248848848848848,2.1,61.49
95,71.80137971635783,8.332772772772772,,
96,71.87287811671236,8.416696696696697,,
97,71.94378663823025,8.50062062062062,,
98,72.01410904655464,8.584544544544544,,
99,72.08384909173785,8.668468468468468,,
100,72.15301050827235,8.752392392392391,,
101,72.22159701512153,8.836316316316315,,
102,72.28961231575062,8.92024024024024,,
103,72.35706009815749,9.004164164164163,,
104,72.42394403490357,9.088088088088087,,
105,72.49026778314463,9.172012012012011,,
106,72.55603498466171,9.255935935935936,,
107,72.62124926589192,9.339859859859859,,
108,72.68591423795935,9.423783783783783,,
109,72.75003349670587,9.507707707707707,,
110,72.81361062272204,9.59163163163163,,
111,72.87664918137793,9.675555555555555,,
112,72.93915272285398,9.759479479479479,,
113,73.00112478217184,9.843403403403402,,
114,73.06256887922532,9.927327327327326,,
115,73.12348851881114,10.01125125125125,,
116,73.18388719065979,10.095175175175175,,
117,73.24376836946647,10.179099099099098,,
118,73.30313551492185,10.263023023023022,,
119,73.36199207174305,10.346946946946947,,
120,73.42034146970433,10.43087087087087,,
121,73.47818712366808,10.514794794794794,,
122,73.53553243361564,10.598718718718718,,
123,73.59238078467816,10.68264264264264,,
124,73.64873554716738,10.766566566566565,,
125,73.70460007660664,10.85049049049049,,
126,73.75997771376157,10.934414414414414,,
127,73.8148717846711,11.018338338338337,,
128,73.86928560067818,11.102262262262261,,
129,73.92322245846073,11.186186186186186,,
130,73.97668564006246,11.270110110110108,,
131,74.02967841292373,11.354034034034033,,
132,74.08220402991242,11.437957957957957,,
133,74.13426572935475,11.521881881881882,,
134,74.18586673506617,11.605805805805804,,
135,74.23701025638225,11.689729729729729,,
136,74.28769948818943,11.773653653653653,,
137,74.33793761095598,11.857577577577576,,
138,74.3877277907628,11.9415015015015,,
139,74.4370731793343,12.025425425425425,,
140,74.48597691406928,12.109349349349348,,
141,74.53444211807171,12.193273273273272,,
142,74.58247190018166,12.277197197197196,,
143,74.63006935500611,12.361121121121121,,
144,74.67723756294988,12.445045045045044,,
145,74.72397959024636,12.528968968968968,,
146,74.7702984889885,12.612892892892893,,
147,74.81619729715958,12.696816816816815,,
148,74.86167903866408,12.78074074074074,,
149,74.90674672335858,12.864664664664664,,
150,74.95140334708259,12.948588588588587,,
151,74.99565189168935,13.032512512512511,,
152,75.0394953250768,13.116436436436436,,
153,75.08293660121836,13.20036036036036,,
154,75.12597866019377,13.284284284284283,,
155,75.16862442822003,13.368208208208207,,
156,75.21087681768216,13.452132132132132,,
157,75.25273872716413,13.536056056056054,,
158,75.29421304147968,13.619979979979979,,
159,75.33530263170319,13.703903903903903,,
160,75.37601035520052,13.787827827827826,,
161,75.41633905565989,13.87175175175175,,
162,75.45629156312275,13.955675675675675,,
163,75.49587069401454,14.0395995995996,,
164,75.53507925117569,14.123523523523522,,
165,75.57392002389236,14.207447447447446,,
166,75.61239578792737,14.29137137137137,,
167,75.65050930555101,14.375295295295293,,
168,75.68826332557194,14.459219219219218,,
169,75.72566058336797,14.543143143143142,,
170,75.76270380091702,14.627067067067067,,
171,75.79939568682789,14.71099099099099,,
172,75.83573893637119,14.794914914914914,,
173,75.87173623151011,14.878838838838838,,
174,75.90739024093133,14.962762762762761,,
175,75.94270362007593,15.046686686686686,,
176,75.97767901117011,15.13061061061061,,
177,76.01231904325616,15.214534534534533,,
178,76.04662633222327,15.298458458458457,,
179,76.08060348083842,15.382382382382382,,
180,76.11425307877717,15.466306306306306,,
181,76.1475777026546,15.550230230230229,,
182,76.18057991605612,15.634154154154153,,
183,76.21326226956832,15.718078078078078,,
184,76.24562730080983,15.802002002002,,
185,76.2776775344622,15.885925925925925,,
186,76.30941548230076,15.96984984984985,,
187,76.34084364322543,16.053773773773774,,
188,76.3719645032916,16.137697697697696,,
189,76.40278053574103,16.221621621621622,,
190,76.43329420103264,16.305545545545545,,
191,76.46350794687339,16.389469469469468,,
192,76.49342420824918,16.473393393393394,,
193,76.52304540745561,16.557317317317317,,
194,76.55237395412895,16.64124124124124,,
195,76.58141224527691,16.725165165165166,,
196,76.61016266530955,16.80908908908909,,
197,76.63862758607006,16.89301301301301,,
198,76.66680936686575,16.976936936936937,,
199,76.69471035449878,17.06086086086086,,
200,76.72233288329707,17.144784784784783,,
201,76.74967927514516,17.22870870870871,,
202,76.77675183951504,17.31263263263263,,
203,76.80355287349704,17.396556556556554,,
204,76.83008466183067,17.48048048048048,,
205,76.85634947693546,17.564404404404403,,
206,76.88234957894187,17.648328328328326,,
207,76.90808721572206,17.732252252252252,,
208,76.93356462292084,17.816176176176175,,
209,76.95878402398647,17.900100100100097,,
210,76.9837476302015,17.984024024024023,,
211,77.0084576407137,18.067947947947946,,
212,77.03291624256686,18.151871871871872,,
213,77.05712561073165,18.235795795795795,,
214,77.08108790813647,18.319719719719718,,
215,77.10480528569836,18.403643643643644,,
216,77.12827988235381,18.487567567567567,,
217,77.1515138250896,18.57149149149149,,
218,77.1745092289737,18.655415415415415,,
219,77.19726819718613,18.739339339339338,,
220,77.21979282104974,18.82326326326326,,
221,77.2420851800612,18.907187187187187,,
222,77.26414734192166,18.99111111111111,,
223,77.28598136256787,19.075035035035032,,
224,77.30758928620278,19.15895895895896,,
225,77.32897314532659,19.24288288288288,,
226,77.35013496076742,19.326806806806804,,
227,77.37107674171239,19.41073073073073,,
228,77.39180048573826,19.494654654654653,,
229,77.41230817884244,19.57857857857858,,
230,77.4326017954738,19.6625025025025,,
231,77.45268329856344,19.746426426426424,,
232,77.47255463955574,19.83035035035035,,
233,77.49221775843898,19.914274274274273,,
234,77.51167458377644,19.998198198198196,,
235,77.530927032737,20.082122122122122,,
236,77.54997701112623,20.166046046046045,,
237,77.56882641341711,20.249969969969968,,
238,77.58747712278094,20.333893893893894,,
239,77.60593101111817,20.417817817817816,,
240,77.62418993908923,20.50174174174174,,
241,77.64225575614552,20.585665665665665,,
242,77.66013030056004,20.669589589589588,,
243,77.67781539945848,20.75351351351351,,
244,77.69531286884992,20.837437437437437,,
245,77.71262451365777,20.92136136136136,,
246,77.72975212775057,21.005285285285282,,
247,77.74669749397287,21.08920920920921,,
248,77.76346238417614,21.17313313313313,,
249,77.78004855924951,21.257057057057057,,
250,77.79645776915069,21.34098098098098,,
251,77.81269175293691,21.424904904904903,,
252,77.82875223879562,21.50882882882883,,
253,77.84464094407542,21.59275275275275,,
254,77.86035957531699,21.676676676676674,,
255,77.87590982828378,21.7606006006006,,
256,77.89129338799303,21.844524524524523,,
257,77.90651192874651,21.928448448448446,,
258,77.92156711416149,22.012372372372372,,
259,77.93646059720149,22.096296296296295,,
260,77.95119402020714,22.180220220220217,,
261,77.96576901492712,22.264144144144144,,
262,77.98018720254896,22.348068068068066,,
263,77.99445019372995,22.43199199199199,,
264,78.00855958862786,22.515915915915915,,
265,78.02251697693197,22.599839839839838,,
266,78.03632393789383,22.683763763763764,,
267,78.04998204035807,22.767687687687687,,
268,78.06349284279345,22.85161161161161,,
269,78.07685789332345,22.935535535535536,,
270,78.09007872975735,23.01945945945946,,
271,78.10315687962094,23.10338338338338,,
272,78.11609386018752,23.187307307307307,,
273,78.12889117850857,23.27123123123123,,
274,78.14155033144479,23.355155155155153,,
275,78.15407280569684,23.43907907907908,,
276,78.16646007783622,23.523003003003,,
277,78.17871361433617,23.606926926926924,,
278,78.19083487160249,23.69085085085085,,
279,78.20282529600439,23.774774774774773,,
280,78.21468632390534,23.858698698698696,,
281,78.22641938169399,23.942622622622622,,
282,78.23802588581495,24.026546546546545,,
283,78.24950724279968,24.110470470470467,,
284,78.26086484929738,24.194394394394394,,
285,78.27210009210573,24.278318318318316,,
286,78.28321434820195,24.362242242242242,,
287,78.2942089847734,24.446166166166165,,
288,78.3050853592487,24.530090090090088,,
289,78.31584481932833,24.614014014014014,,
290,78.32648870301571,24.697937937937937,,
291,78.33701833864794,24.78186186186186,,
292,78.34743504492663,24.865785785785786,,
293,78.35774013094886,24.94970970970971,,
294,78.36793489623795,25.03363363363363,,
295,78.37802063077439,25.117557557557557,,
296,78.38799861502658,25.20148148148148,,
297,78.3978701199818,25.285405405405402,,
298,78.40763640717705,25.36932932932933,,
299,78.41729872872983,25.45325325325325,,
300,78.4268583273691,25.537177177177174,,
301,78.43631643646607,25.6211011011011,,
302,78.44567428006505,25.705025025025023,,
303,78.45493307291436,25.78894894894895,,
304,78.46409402049711,25.872872872872872,,
305,78.47315831906218,25.956796796796795,,
306,78.48212715565492,26.04072072072072,,
307,78.49100170814813,26.124644644644643,,
308,78.49978314527286,26.208568568568566,,
309,78.5084726266493,26.292492492492492,,
310,78.51707130281756,26.376416416416415,,
311,78.52558031526863,26.460340340340338,,
312,78.53400079647517,26.544264264264264,,
313,78.5423338699224,26.628188188188187,,
314,78.55058065013894,26.71211211211211,,
315,78.55874224272763,26.796036036036035,,
316,78.56681974439647,26.879959959959958,,
317,78.57481424298942,26.96388388388388,,
318,78.58272681751723,27.047807807807807,,
319,78.59055853818839,27.13173173173173,,
320,78.59831046643991,27.215655655655652,,
321,78.6059836549682,27.29957957957958,,
322,78.61357914775988,27.3835035035035,,
323,78.62109798012276,27.467427427427427,,
324,78.62854117871655,27.55135135135135,,
325,78.6359097615838,27.635275275275273,,
326,78.64320473818077,27.7191991991992,,
327,78.65042710940823,27.80312312312312,,
328,78.65757786764235,27.887047047047044,,
329,78.66465799676553,27.97097097097097,,
330,78.67166847219727,28.054894894894893,,
331,78.67861026092513,28.138818818818816,,
332,78.68548432153536,28.222742742742742,,
333,78.69229160424396,28.306666666666665,,
334,78.69903305092743,28.390590590590588,,
335,78.70570959515368,28.474514514514514,,
336,78.71232216221286,28.558438438438436,,
337,78.7188716691482,28.64236236236236,,
338,78.72535902478694,28.726286286286285,,
339,78.73178512977111,28.810210210210208,,
340,78.73815087658836,28.894134134134134,,
341,78.74445714960295,28.978058058058057,,
342,78.75070482508649,29.06198198198198,,
343,78.7568947712488,29.145905905905906,,
344,78.76302784826885,29.22982982982983,,
345,78.76910490832555,29.31375375375375,,
346,78.7751267956286,29.397677677677677,,
347,78.78109434644936,29.4816016016016,,
348,78.7870083891518,29.565525525525523,,
349,78.79286974422314,29.64944944944945,,
350,78.79867922430492,29.73337337337337,,
351,78.80443763422377,29.817297297297294,,
352,78.81014577102226,29.90122122122122,,
353,78.81580442398979,29.985145145145143,,
354,78.82141437469332,30.069069069069066,,
355,78.82697639700845,30.152992992992992,,
356,78.83249125715014,30.236916916916915,,
357,78.83795971370354,30.32084084084084,,
358,78.8433825176549,30.404764764764764,,
359,78.84876041242242,30.488688688688686,,
360,78.85409413388712,30.572612612612613,,
361,78.85938441042366,30.656536536536535,,
362,78.86463196293121,30.740460460460458,,
363,78.86983750486436,30.824384384384384,,
364,78.87500174226386,30.908308308308307,,
365,78.88012537378759,30.99223223223223,,
366,78.88520909074137,31.076156156156156,,
367,78.89025357710976,31.16008008008008,,
368,78.8952595095871,31.244004004004,,
369,78.90022755760813,31.327927927927927,,
370,78.90515838337899,31.41185185185185,,
371,78.91005264190805,31.495775775775773,,
372,78.9149109810368,31.5796996996997,,
373,78.91973404147058,31.66362362362362,,
374,78.92452245680957,31.747547547547544,,
375,78.92927685357964,31.83147147147147,,
376,78.93399785126314,31.915395395395393,,
377,78.93868606232975,31.99931931931932,,
378,78.94334209226739,32.083243243243246,,
379,78.9479665396131,32.167167167167165,,
380,78.95255999598379,32.25109109109109,,
381,78.95712304610723,32.33501501501502,,
382,78.96165626785272,32.418938938938936,,
383,78.96616023226221,32.50286286286286,,
384,78.97063550358092,32.58678678678679,,
385,78.97508263928832,32.67071071071071,,
386,78.97950219012888,32.754634634634634,,
387,78.98389470014314,32.83855855855856,,
388,78.9882607066983,32.92248248248248,,
389,78.9926007405193,33.006406406406406,,
390,78.99691532571944,33.09033033033033,,
391,79.00120497983156,33.17425425425425,,
392,79.00547021383852,33.25817817817818,,
393,79.00971153220442,33.3421021021021,,
394,79.0139294329052,33.42602602602602,,
395,79.01812440745958,33.50994994994995,,
396,79.02229694095992,33.593873873873875,,
397,79.02644751210312,33.677797797797794,,
398,79.03057659322138,33.76172172172172,,
399,79.03468465031315,33.84564564564565,,
400,79.03877214307388,33.929569569569566,,
401,79.04283952492705,34.01349349349349,,
402,79.04688724305478,34.09741741741742,,
403,79.05091573842896,34.18134134134134,,
404,79.05492544584187,34.26526526526526,,
405,79.05891679393719,34.34918918918919,,
406,79.06289020524082,34.43311311311311,,
407,79.06684609619163,34.517037037037035,,
408,79.07078487717249,34.60096096096096,,
409,79.07470695254105,34.68488488488488,,
410,79.07861272066057,34.76880880880881,,
411,79.08250257393074,34.85273273273273,,
412,79.08637689881868,34.93665665665665,,
413,79.0902360758897,35.02058058058058,,
414,79.09408047983808,35.104504504504504,,
415,79.0979104795181,35.18842842842842,,
416,79.1017264379748,35.27235235235235,,
417,79.10552871247485,35.356276276276276,,
418,79.10931765453729,35.440200200200195,,
419,79.1130936099647,35.52412412412412,,
420,79.11685691887374,35.60804804804805,,
421,79.12060791572603,35.691971971971974,,
422,79.12434692935932,35.77589589589589,,
423,79.12807428301794,35.85981981981982,,
424,79.1317902943839,35.943743743743745,,
425,79.13549527560778,36.027667667667664,,
426,79.13918953333933,36.11159159159159,,
427,79.1428733687586,36.19551551551552,,
428,79.14654707760668,36.279439439439436,,
429,79.15021095021652,36.36336336336336,,
430,79.15386527154389,36.44728728728729,,
431,79.15751032119815,36.53121121121121,,
432,79.16114637347307,36.615135135135134,,
433,79.1647736973779,36.69905905905906,,
434,79.16839255666797,36.78298298298298,,
435,79.17200320987561,36.866906906906905,,
436,79.17560591034123,36.95083083083083,,
437,79.17920090624382,37.03475475475475,,
438,79.18278844063201,37.11867867867868,,
439,79.186368751455,37.2026026026026,,
440,79.18994207159325,37.28652652652652,,
441,79.19350862888943,37.37045045045045,,
442,79.19706864617918,37.454374374374375,,
443,79.20062234132212,37.538298298298294,,
444,79.20416992723257,37.62222222222222,,
445,79.20771161191048,37.706146146146146,,
446,79.2112475984723,37.790070070070065,,
447,79.21477808518175,37.87399399399399,,
448,79.21830326548073,37.95791791791792,,
449,79.22182332802025,38.04184184184184,,
450,79.22533845669113,38.12576576576576,,
451,79.22884883065493,38.20968968968969,,
452,79.23235462437492,38.29361361361361,,
453,79.23585600764673,38.377537537537535,,
454,79.23935314562932,38.46146146146146,,
455,79.24284619887591,38.54538538538538,,
456,79.24633532336466,38.629309309309306,,
457,79.24982067052963,38.71323323323323,,
458,79.2533023872917,38.79715715715716,,
459,79.25678061608923,38.88108108108108,,
460,79.26025549490919,38.965005005005004,,
461,79.2637271573177,39.04892892892893,,
462,79.26719573249119,39.13285285285285,,
463,79.27066134524702,39.216776776776776,,
464,79.27412411607449,39.3007007007007,,
465,79.27758416116563,39.38462462462462,,
466,79.28104159244606,39.46854854854855,,
467,79.28449651760587,39.55247247247247,,
468,79.28794904013041,39.63639639639639,,
469,79.29139925933129,39.72032032032032,,
470,79.29484727037705,39.804244244244245,,
471,79.29829316432414,39.888168168168164,,
472,79.30173702814778,39.97209209209209,,
473,79.30517894477276,40.05601601601602,,
474,79.30861899310432,40.139939939939936,,
475,79.312057248059,40.22386386386386,,
476,79.31549378059549,40.30778778778779,,
477,79.31892865774554,40.39171171171171,,
478,79.32236194264476,40.47563563563563,,
479,79.32579369456349,40.55955955955956,,
480,79.32922396893761,40.64348348348348,,
481,79.33265281739955,40.727407407407405,,
482,79.33608028780895,40.81133133133133,,
483,79.33950642428366,40.89525525525525,,
484,79.34293126723054,40.97917917917918,,
485,79.3463548533763,41.0631031031031,,
486,79.34977721579838,41.14702702702702,,
487,79.35319838395581,41.23095095095095,,
488,79.3566183837201,41.314874874874874,,
489,79.36003723740599,41.39879879879879,,
490,79.36345496380244,41.48272272272272,,
491,79.36687157820339,41.566646646646646,,
492,79.37028709243863,41.650570570570565,,
493,79.37370151490468,41.73449449449449,,
494,79.37711485059572,41.81841841841842,,
495,79.38052710113422,41.902342342342344,,
496,79.38393826480211,41.98626626626626,,
497,79.38734833657128,42.07019019019019,,
498,79.39075730813484,42.154114114114115,,
499,79.39416516793762,42.238038038038034,,
500,79.39757190120721,42.32196196196196,,
501,79.40097748998475,42.40588588588589,,
502,79.4043819131559,42.489809809809806,,
503,79.40778514648149,42.57373373373373,,
504,79.41118716262858,42.65765765765766,,
505,79.41458793120125,42.74158158158158,,
506,79.41798741877128,42.825505505505504,,
507,79.42138558890943,42.90942942942943,,
508,79.42478240221581,42.99335335335335,,
509,79.42817781635102,43.077277277277275,,
510,79.43157178606702,43.1612012012012,,
511,79.43496426323782,43.24512512512512,,
512,79.43835519689047,43.32904904904905,,
513,79.44174453323586,43.41297297297297,,
514,79.44513221569966,43.49689689689689,,
515,79.44851818495297,43.58082082082082,,
516,79.45190237894347,43.664744744744745,,
517,79.45528473292597,43.748668668668664,,
518,79.45866517949358,43.83259259259259,,
519,79.46204364860827,43.916516516516516,,
520,79.4654200676319,44.000440440440435,,
521,79.46879436135711,44.08436436436436,,
522,79.47216645203801,44.16828828828829,,
523,79.47553625942118,44.25221221221221,,
524,79.47890370077641,44.33613613613613,,
525,79.48226869092775,44.42006006006006,,
526,79.48563114228415,44.50398398398398,,
527,79.48899096487042,44.587907907907905,,
528,79.49234806635806,44.67183183183183,,
529,79.49570235209619,44.75575575575575,,
530,79.49905372514226,44.839679679679676,,
531,79.50240208629309,44.9236036036036,,
532,79.5057473341156,45.00752752752753,,
533,79.50908936497756,45.09145145145145,,
534,79.51242807307887,45.175375375375374,,
535,79.51576335048182,45.2592992992993,,
536,79.51909508714245,45.34322322322322,,
537,79.52242317094118,45.427147147147146,,
538,79.52574748771366,45.51107107107107,,
539,79.5290679212817,45.59499499499499,,
540,79.53238435348406,45.67891891891892,,
541,79.53569666420734,45.76284284284284,,
542,79.53900473141694,45.84676676676676,,
543,79.54230843118764,45.93069069069069,,
544,79.5456076377347,46.014614614614615,,
545,79.54890222344477,46.098538538538534,,
546,79.55219205890641,46.18246246246246,,
547,79.55547701294127,46.26638638638639,,
548,79.55875695263487,46.350310310310306,,
549,79.56203174336734,46.43423423423423,,
550,79.56530124884442,46.51815815815816,,
551,79.56856533112824,46.60208208208208,,
552,79.5718238506681,46.686006006006004,,
553,79.5750766663316,46.76992992992993,,
554,79.57832363543518,46.85385385385385,,
555,79.5815646137751,46.937777777777775,,
556,79.58479945565838,47.0217017017017,,
557,79.5880280139336,47.10562562562562,,
558,79.59125014002161,47.18954954954955,,
559,79.5944656839467,47.27347347347347,,
560,79.59767449436706,47.35739739739739,,
561,79.60087641860602,47.44132132132132,,
562,79.60407130268275,47.525245245245245,,
563,79.60725899134293,47.609169169169164,,
564,79.61043932808995,47.69309309309309,,
565,79.61361215521553,47.777017017017016,,
566,79.61677731383058,47.860940940940935,,
567,79.61993464389626,47.94486486486486,,
568,79.62308398425465,48.02878878878879,,
569,79.62622517265947,48.112712712712714,,
570,79.62935804580745,48.19663663663663,,
571,79.63248243936856,48.28056056056056,,
572,79.63559818801735,48.364484484484485,,
573,79.63870512546352,48.448408408408405,,
574,79.64180308448289,48.53233233233233,,
575,79.64489189694827,48.61625625625626,,
576,79.64797139386029,48.700180180180176,,
577,79.6510414053782,48.7841041041041,,
578,79.65410176085088,48.86802802802803,,
579,79.6571522888475,48.95195195195195,,
580,79.66019281718849,49.035875875875874,,
581,79.66322317297649,49.1197997997998,,
582,79.66624318262691,49.20372372372372,,
583,79.6692526718992,49.287647647647645,,
584,79.67225146592727,49.37157157157157,,
585,79.67523938925063,49.45549549549549,,
586,79.67821626584526,49.53941941941942,,
587,79.68118191915428,49.62334334334334,,
588,79.68413617211891,49.70726726726726,,
589,79.68707884720942,49.79119119119119,,
590,79.69000976645577,49.875115115115115,,
591,79.69292875147863,49.959039039039034,,
592,79.69583562352025,50.04296296296296,,
593,79.69873020347521,50.126886886886886,,
594,79.70161231192127,50.210810810810806,,
595,79.70448176915038,50.29473473473473,,
596,79.70733839519941,50.37865865865866,,
597,79.710182009881,50.46258258258258,,
598,79.7130124328145,50.5465065065065,,
599,79.71582948345679,50.63043043043043,,
600,79.71863298113301,50.71435435435435,,
601,79.72142274506768,50.798278278278275,,
602,79.72419859441534,50.8822022022022,,
603,79.72696034829148,50.96612612612612,,
604,79.72970782580337,51.05005005005005,,
605,79.73244084608102,51.13397397397397,,
606,79.7351592283079,51.2178978978979,,
607,79.7378627917517,51.30182182182182,,
608,79.74055135579567,51.385745745745744,,
609,79.74322473996882,51.46966966966967,,
610,79.74588276397738,51.55359359359359,,
611,79.74852524773515,51.637517517517516,,
612,79.75115201139471,51.72144144144144,,
613,79.75376287537807,51.80536536536536,,
614,79.75635766040779,51.88928928928929,,
615,79.75893618753736,51.973213213213214,,
616,79.76149827818256,52.05713713713713,,
617,79.76404375415203,52.14106106106106,,
618,79.76657243767832,52.224984984984985,,
619,79.76908415144842,52.308908908908904,,
620,79.77157871863506,52.39283283283283,,
621,79.7740559629272,52.47675675675676,,
622,79.776515708561,52.560680680680676,,
623,79.7789577803507,52.6446046046046,,
624,79.78138200371966,52.72852852852853,,
625,79.78378820473074,52.81245245245245,,
626,79.78617621011755,52.896376376376374,,
627,79.78854584731538,52.9803003003003,,
628,79.79089694449169,53.06422422422422,,
629,79.79322933057713,53.148148148148145,,
630,79.7955428352966,53.23207207207207,,
631,79.7978372891998,53.31599599599599,,
632,79.80011252369216,53.39991991991992,,
633,79.80236837106594,53.48384384384384,,
634,79.80460466453071,53.56776776776776,,
635,79.80682123824458,53.65169169169169,,
636,79.80901792734464,53.735615615615615,,
637,79.81119456797823,53.819539539539534,,
638,79.81335099733361,53.90346346346346,,
639,79.8154870536707,53.987387387387386,,
640,79.81760257635216,54.071311311311305,,
641,79.81969740587417,54.15523523523523,,
642,79.82177138389709,54.23915915915916,,
643,79.82382435327669,54.323083083083084,,
644,79.82585615809471,54.407007007007,,
645,79.82786664368977,54.49093093093093,,
646,79.82985565668842,54.574854854854856,,
647,79.83182304503562,54.658778778778775,,
648,79.83376865802599,54.7427027027027,,
649,79.83569234633445,54.82662662662663,,
650,79.83759396204714,54.910550550550546,,
651,79.83947335869222,54.99447447447447,,
652,79.84133039127077,55.0783983983984,,
653,79.8431649162877,55.16232232232232,,
654,79.84497679178249,55.246246246246244,,
655,79.84676587736011,55.33017017017017,,
656,79.84853203422192,55.41409409409409,,
657,79.85027512519643,55.498018018018016,,
658,79.85199501477022,55.58194194194194,,
659,79.85369156911882,55.66586586586586,,
660,79.85536465613741,55.74978978978979,,
661,79.85701414547198,55.83371371371371,,
662,79.8586399085499,55.91763763763763,,
663,79.86024181861082,56.00156156156156,,
664,79.86181975073764,56.085485485485485,,
665,79.86337358188744,56.169409409409404,,
666,79.86490319092194,56.25333333333333,,
667,79.86640845863893,56.33725725725726,,
668,79.86788926780248,56.421181181181176,,
669,79.86934550317444,56.5051051051051,,
670,79.8707770515448,56.58902902902903,,
671,79.872183801763,56.67295295295295,,
672,79.8735656447681,56.75687687687687,,
673,79.87492247362052,56.8408008008008,,
674,79.87625418353205,56.92472472472472,,
675,79.8775606718974,57.008648648648645,,
676,79.87884183832465,57.09257257257257,,
677,79.88009758466607,57.1764964964965,,
678,79.88132781504929,57.26042042042042,,
679,79.882532435908,57.34434434434434,,
680,79.88371135601263,57.42826826826827,,
681,79.88486448650157,57.51219219219219,,
682,79.88599174091162,57.596116116116114,,
683,79.88709303520916,57.68004004004004,,
684,79.8881682878209,57.76396396396396,,
685,79.88921741966472,57.847887887887886,,
686,79.89024035418039,57.93181181181181,,
687,79.89123701736098,58.01573573573573,,
688,79.89220733778286,58.09965965965966,,
689,79.89315124663723,58.183583583583584,,
690,79.89406867776079,58.2675075075075,,
691,79.89495956766639,58.35143143143143,,
692,79.8958238555743,58.435355355355355,,
693,79.89666148344257,58.519279279279274,,
694,79.89747239599829,58.6032032032032,,
695,79.89825654076834,58.68712712712713,,
696,79.89901386811009,58.771051051051046,,
697,79.89974433124236,58.85497497497497,,
698,79.90044788627638,58.9388988988989,,
699,79.90112449224661,59.02282282282282,,
700,79.90177411114134,59.106746746746744,,
701,79.90239670793396,59.19067067067067,,
702,79.90299225061342,59.27459459459459,,
703,79.90356071021539,59.358518518518515,,
704,79.90410206085288,59.44244244244244,,
705,79.90461627974737,59.52636636636636,,
706,79.9051033472595,59.61029029029029,,
707,79.9055632469197,59.69421421421421,,
708,79.9059959654597,59.77813813813813,,
709,79.90640149284245,59.86206206206206,,
710,79.90677982229401,59.945985985985985,,
711,79.90713095033352,60.029909909909904,,
712,79.90745487680472,60.11383383383383,,
713,79.90775160490612,60.197757757757756,,
714,79.90802114122268,60.28168168168168,,
715,79.908263495756,60.3656056056056,,
716,79.90847868195543,60.44952952952953,,
717,79.9086667167491,60.533453453453454,,
718,79.90882762057423,60.61737737737737,,
719,79.90896141740878,60.7013013013013,,
720,79.90906813480144,60.785225225225226,,
721,79.90914780390337,60.869149149149145,,
722,79.90920045949802,60.95307307307307,,
723,79.90922614003334,61.036996996997,,
724,79.90922488765118,61.120920920920916,,
725,79.90919674821912,61.20484484484484,,
726,79.90914177136106,61.28876876876877,,
727,79.90906001048806,61.37269269269269,,
728,79.9089515228291,61.456616616616614,,
729,79.90881636946209,61.54054054054054,,
730,79.90865461534459,61.62446446446446,,
731,79.90846632934502,61.708388388388386,,
732,79.90825158427297,61.79231231231231,,
733,79.90801045691028,61.87623623623623,,
734,79.9077430280421,61.96016016016016,,
735,79.90744938248768,62.04408408408408,,
736,79.90712960913088,62.128008008008,,
737,79.90678380095149,62.21193193193193,,
738,79.90641205505572,62.295855855855855,,
739,79.90601447270735,62.379779779779774,,
740,79.90559115935834,62.4637037037037,,
741,79.90514222468,62.54762762762763,,
742,79.90466778259345,62.631551551551546,,
743,79.90416795130064,62.71547547547547,,
744,79.90364285331542,62.7993993993994,,
745,79.9030926154942,62.88332332332332,,
746,79.90251736906659,62.96724724724724,,
747,79.90191724966674,63.05117117117117,,
748,79.9012923973638,63.13509509509509,,
749,79.90064295669306,63.219019019019015,,
750,79.89996907668659,63.30294294294294,,
751,79.89927091090406,63.38686686686687,,
752,79.89854861746396,63.47079079079079,,
753,79.89780235907405,63.55471471471471,,
754,79.8970323030622,63.63863863863864,,
755,79.89623862140787,63.72256256256256,,
756,79.89542149077214,63.806486486486484,,
757,79.89458109252912,63.89041041041041,,
758,79.89371761279664,63.97433433433433,,
759,79.89283124246693,64.05825825825826,,
760,79.89192217723779,64.14218218218218,,
761,79.89099061764325,64.2261061061061,,
762,79.8900367690846,64.31003003003003,,
763,79.88906084186097,64.39395395395395,,
764,79.88806305120029,64.47787787787787,,
765,79.88704361729033,64.56180180180179,,
766,79.88600276530956,64.64572572572573,,
767,79.88494072545747,64.72964964964964,,
768,79.88385773298621,64.81357357357358,,
769,79.8827540282309,64.8974974974975,,
770,79.88162985664054,64.98142142142142,,
771,79.88048546880917,65.06534534534535,,
772,79.87932112050665,65.14926926926927,,
773,79.8781370727089,65.23319319319319,,
774,79.87693359162962,65.31711711711712,,
775,79.87571094875095,65.40104104104104,,
776,79.87446942085386,65.48496496496496,,
777,79.87320929004913,65.56888888888889,,
778,79.87193084380895,65.65281281281281,,
779,79.87063437499678,65.73673673673673,,
780,79.86932018189874,65.82066066066066,,
781,79.8679885682544,65.90458458458458,,
782,79.8666398432875,65.9885085085085,,
783,79.86527432173709,66.07243243243244,,
784,79.86389232388795,66.15635635635635,,
785,79.86249417560207,66.24028028028027,,
786,79.86108020834867,66.32420420420421,,
787,79.85965075923583,66.40812812812813,,
788,79.858206171041,66.49205205205205,,
789,79.85674679224176,66.57597597597598,,
790,79.855272977047,66.6598998998999,,
791,79.8537850854275,66.74382382382382,,
792,79.85228348314679,66.82774774774775,,
793,79.85076854179225,66.91167167167167,,
794,79.84924063880574,66.99559559559559,,
795,79.84770015751447,67.07951951951952,,
796,79.84614748716187,67.16344344344344,,
797,79.84458302293866,67.24736736736736,,
798,79.84300716601349,67.3312912912913,,
799,79.84142032356355,67.41521521521521,,
800,79.83982290880631,67.49913913913913,,
801,79.8382153410292,67.58306306306307,,
802,79.83659804562144,67.66698698698698,,
803,79.83497145410418,67.7509109109109,,
804,79.83333600416184,67.83483483483484,,
805,79.83169213967294,67.91875875875876,,
806,79.83004031074064,68.00268268268267,,
807,79.8283809737239,68.08660660660661,,
808,79.82671459126813,68.17053053053053,,
809,79.82504163233615,68.25445445445445,,
810,79.82336257223916,68.33837837837838,,
811,79.82167789266715,68.4223023023023,,
812,79.81998808172058,68.50622622622622,,
813,79.81829363394023,68.59015015015015,,
814,79.81659505033873,68.67407407407407,,
815,79.8148928384315,68.75799799799799,,
816,79.81318751226696,68.84192192192192,,
817,79.81147959245801,68.92584584584584,,
818,79.80976960621264,69.00976976976976,,
819,79.80805808736461,69.0936936936937,,
820,79.80634557640481,69.17761761761761,,
821,79.80463262051164,69.26154154154153,,
822,79.80291977358193,69.34546546546547,,
823,79.80120759626193,69.42938938938939,,
824,79.79949665597844,69.5133133133133,,
825,79.79778752696895,69.59723723723724,,
826,79.79608079031324,69.68116116116116,,
827,79.79437703396344,69.76508508508508,,
828,79.79267685277593,69.84900900900901,,
829,79.79098084854122,69.93293293293293,,
830,79.7892896300154,70.01685685685685,,
831,79.78760381295065,70.10078078078078,,
832,79.78592402012633,70.1847047047047,,
833,79.78425088137986,70.26862862862862,,
834,79.78258503363715,70.35255255255255,,
835,79.78092712094407,70.43647647647647,,
836,79.7792777944971,70.52040040040039,,
837,79.77763771267361,70.60432432432432,,
838,79.77600754106372,70.68824824824824,,
839,79.7743879525003,70.77217217217216,,
840,79.77277962709049,70.8560960960961,,
841,79.77118325224579,70.94002002002001,,
842,79.76959952271405,71.02394394394395,,
843,79.76802914060865,71.10786786786787,,
844,79.76647281544142,71.19179179179179,,
845,79.76493126415151,71.27571571571572,,
846,79.76340521113771,71.35963963963964,,
847,79.7618953882888,71.44356356356356,,
848,79.76040253501382,71.52748748748749,,
849,79.75892739827403,71.61141141141141,,
850,79.75747073261296,71.69533533533533,,
851,79.75603330018755,71.77925925925926,,
852,79.75461587079879,71.86318318318318,,
853,79.75321922192309,71.9471071071071,,
854,79.7518441387425,72.03103103103103,,
855,79.75049141417618,72.11495495495495,,
856,79.74916184891056,72.19887887887887,,
857,79.74785625143092,72.2828028028028,,
858,79.74657543805166,72.36672672672672,,
859,79.74532023294758,72.45065065065064,,
860,79.74409146818438,72.53457457457458,,
861,79.74288998374995,72.6184984984985,,
862,79.74171662758484,72.70242242242242,,
863,79.74057225561303,72.78634634634635,,
864,79.73945773177338,72.87027027027027,,
865,79.73837392804991,72.95419419419419,,
866,79.73732172450282,73.03811811811812,,
867,79.73630200929962,73.12204204204204,,
868,79.73531567874535,73.20596596596596,,
869,79.73436363731447,73.28988988988989,,
870,79.73344679768032,73.37381381381381,,
871,79.7325660807473,73.45773773773773,,
872,79.73172241568086,73.54166166166166,,
873,79.73091673993902,73.62558558558558,,
874,79.73014999930236,73.7095095095095,,
875,79.72942314790585,73.79343343343344,,
876,79.72873714826905,73.87735735735735,,
877,79.72809297132717,73.96128128128127,,
878,79.72749159646192,74.0452052052052,,
879,79.72693401153232,74.12912912912913,,
880,79.72642121290569,74.21305305305305,,
881,79.72595420548829,74.29697697697698,,
882,79.72553400275662,74.3809009009009,,
883,79.72516162678751,74.46482482482482,,
884,79.72483810828989,74.54874874874875,,
885,79.72456448663469,74.63267267267267,,
886,79.72434180988638,74.71659659659659,,
887,79.72417113483404,74.80052052052052,,
888,79.7240535270213,74.88444444444444,,
889,79.7239900607777,74.96836836836836,,
890,79.72398181925014,75.0522922922923,,
891,79.72402989443243,75.13621621621621,,
892,79.72413538719736,75.22014014014013,,
893,79.7242994073268,75.30406406406406,,
894,79.72452307354293,75.38798798798798,,
895,79.72480751353903,75.4719119119119,,
896,79.72515386401012,75.55583583583584,,
897,79.72556327068442,75.63975975975976,,
898,79.72603688835314,75.72368368368367,,
899,79.72657588090256,75.80760760760761,,
900,79.72718142134387,75.89153153153153,,
901,79.72785469184466,75.97545545545545,,
902,79.7285968837598,76.05937937937938,,
903,79.72940919766144,76.1433033033033,,
904,79.73029284337134,76.22722722722722,,
905,79.73124903999003,76.31115115115115,,
906,79.73227901592914,76.39507507507507,,
907,79.73338400894131,76.47899899899899,,
908,79.73456526615162,76.56292292292292,,
909,79.73582404408809,76.64684684684684,,
910,79.73716160871233,76.73077077077076,,
911,79.73857923545138,76.8146946946947,,
912,79.74007820922732,76.89861861861861,,
913,79.74165982448888,76.98254254254253,,
914,79.74332538524233,77.06646646646647,,
915,79.74507620508196,77.15039039039038,,
916,79.74691360722092,77.23431431431432,,
917,79.74883892452256,77.31823823823824,,
918,79.75085349953083,77.40216216216216,,
919,79.7529586845014,77.48608608608609,,
920,79.75515584143245,77.57001001001001,,
921,79.75744634209526,77.65393393393393,,
922,79.75983156806542,77.73785785785786,,
923,79.76231291075386,77.82178178178178,,
924,79.7648917714367,77.9057057057057,,
925,79.76756956128754,77.98962962962963,,
926,79.77034770140723,78.07355355355355,,
927,79.77322762285532,78.15747747747747,,
928,79.77621076668005,78.2414014014014,,
929,79.77929858395068,78.32532532532532,,
930,79.78249253578714,78.40924924924924,,
931,79.78579409339109,78.49317317317318,,
932,79.7892047380774,78.5770970970971,,
933,79.79272596130404,78.66102102102101,,
934,79.79635926470372,78.74494494494495,,
935,79.80010616011414,78.82886886886887,,
936,79.80396816960992,78.91279279279279,,
937,79.80794682553206,78.99671671671672,,
938,79.81204367051943,79.08064064064064,,
939,79.81626025753998,79.16456456456456,,
940,79.82059814992142,79.24848848848849,,
941,79.82505892138126,79.33241241241241,,
942,79.8296441560591,79.41633633633633,,
943,79.83435544854565,79.50026026026026,,
944,79.83919440391612,79.58418418418418,,
945,79.84416263775837,79.6681081081081,,
946,79.84926177620532,79.75203203203203,,
947,79.85449345596597,79.83595595595595,,
948,79.85985932435524,79.91987987987987,,
949,79.86536103932544,80.0038038038038,,
950,79.87100026949754,80.08772772772772,,
951,79.8767786941906,80.17165165165164,,
952,79.88269800345451,80.25557557557558,,
953,79.88875989809925,80.3394994994995,,
954,79.89496608972685,80.42342342342342,,
955,79.90131830076156,80.50734734734735,,
956,79.90781826448087,80.59127127127127,,
957,79.91446772504669,80.67519519519519,,
958,79.92126843753546,80.75911911911912,,
959,79.9282221679701,80.84304304304304,,
960,79.93533069335014,80.92696696696696,,
961,79.94259580168217,81.01089089089089,,
962,79.95001929201204,81.09481481481481,,
963,79.95760297445402,81.17873873873873,,
964,79.96534867022343,81.26266266266266,,
965,79.97325821166608,81.34658658658658,,
966,79.98133344228945,81.4305105105105,,
967,79.98957621679433,81.51443443443443,,
968,79.99798840110505,81.59835835835835,,
969,80.00657187239956,81.68228228228227,,
970,80.01532851914233,81.7662062062062,,
971,80.024260241113,81.85013013013013,,
972,80.03336894943875,81.93405405405404,,
973,80.04265656662433,82.01797797797798,,
974,80.0521250265834,82.1019019019019,,
975,80.06177627466919,82.18582582582582,,
976,80.07161226770559,82.26974974974975,,
977,80.08163497401706,82.35367367367367,,
978,80.09184637346091,82.43759759759759,,
979,80.10224845745758,82.52152152152152,,
980,80.11284322902061,82.60544544544544,,
981,80.1236327027885,82.68936936936936,,
982,80.1346189050562,82.77329329329329,,
983,80.1458038738041,82.85721721721721,,
984,80.15718965872988,82.94114114114113,,
985,80.16877832128024,83.02506506506506,,
986,80.18057193467992,83.10898898898898,,
987,80.1925725839641,83.1929129129129,,
988,80.20478236600867,83.27683683683684,,
989,80.2172033895604,83.36076076076075,,
990,80.2298377752697,83.44468468468469,,
991,80.24268765571925,83.52860860860861,,
992,80.25575517545623,83.61253253253253,,
993,80.26904249102303,83.69645645645646,,
994,80.28255177098733,83.78038038038038,,
995,80.29628519597442,83.8643043043043,,
996,80.31024495869589,83.94822822822823,,
997,80.32443326398307,84.03215215215215,,
998,80.3388523288158,84.11607607607607,,
999,80.35350438235425,84.2,,
