,yfit,xfit,pop_dens,Footprint/Cap_value,developed,population
0,22.359057347609426,586.2223183853712,4432.939774529806,28.7,LDC,1128000.0
1,22.304580711204693,599.9009418523314,14062.076253378602,28.0,LDC,677000.0
2,22.25028175243719,613.5795653192915,11385.20323133588,25.5,LDC,561000.0
3,22.1961602251643,627.2581887862517,9296.636532348903,25.3,LDC,1338000.0
4,22.142215883243395,640.9368122532119,1474.91308487638,24.7,MDR,973000.0
5,22.088448480531863,654.6154357201721,,,,
6,22.034857770887086,668.2940591871322,,,,
7,21.98144350816644,681.9726826540924,1994.899269231548,24.0,MDR,602000.0
8,21.92820544622731,695.6513061210526,,,,
9,21.875143338927074,709.3299295880128,,,,
10,21.822256940123115,723.0085530549729,1257.4881376081444,22.6,MDR,521000.0
11,21.76954600367281,736.6871765219331,,,,
12,21.71701028343355,750.3657999888933,,,,
13,21.6646495332627,764.0444234558535,,,LDC,4971000.0
14,21.612463507017655,777.7230469228136,,,,
15,21.560451958555788,791.4016703897738,1225.2851895708634,21.5,MDR,575000.0
16,21.508614641734486,805.080293856734,,,,
17,21.45695131041112,818.7589173236942,2583.413968556976,21.1,MDR,7260000.0
18,21.405461718443085,832.4375407906543,,,,
19,21.35414561968775,846.1161642576145,9055.110193967086,20.7,LDC,5747000.0
20,21.303002768002496,859.7947877245747,1335.5101436782888,20.6,MDR,938000.0
21,21.252032917244712,873.4734111915349,1506.3187774707262,20.4,MDR,821000.0
22,21.201235821271776,887.152034658495,,,,
23,21.150611233941063,900.8306581254552,2835.215619304317,20.2,MDR,1254000.0
24,21.10015890910996,914.5092815924154,,,,
25,21.04987860063585,928.1879050593756,,,,
26,20.999770062376108,941.8665285263357,,,,
27,20.949833048188115,955.5451519932959,9615.35329303389,19.8,MDR,1003000.0
28,20.900067311929252,969.2237754602561,1813.5060309102244,19.8,MDR,1003000.0
29,20.850472607456908,982.9023989272163,3853.6796372108515,19.5,MDR,3591000.0
30,20.801048688628452,996.5810223941764,1802.4609004603135,19.4,MDR,1824000.0
31,20.751795309301272,1010.2596458611366,,,LDC,3287000.0
32,20.70271222333275,1023.9382693280968,5415.0512240080825,19.1,MDR,1644000.0
33,20.65379918458026,1037.616892795057,4787.027239784603,19.0,MDR,568000.0
34,20.605055946901192,1051.2955162620171,3382.9471669187305,19.0,MDR,1950000.0
35,20.55648226415292,1064.9741397289772,2107.489718913322,18.8,MDR,534000.0
36,20.508077890192826,1078.6527631959375,2658.4831325534838,18.7,MDR,1860000.0
37,20.45984257887829,1092.3313866628978,13201.067477700648,18.5,LDC,1991000.0
38,20.4117760840667,1106.0100101298578,,,,
39,20.363878159615428,1119.688633596818,,,,
40,20.31614855938186,1133.3672570637782,,,,
41,20.268587037223373,1147.0458805307385,,,,
42,20.221193346997353,1160.7245039976985,,,,
43,20.173967242561176,1174.4031274646586,,,,
44,20.126908477772226,1188.081750931619,,,,
45,20.08001680648788,1201.7603743985792,,,,
46,20.033291982565522,1215.4389978655392,,,,
47,19.98673375986254,1229.1176213324993,,,,
48,19.940341892236297,1242.7962447994596,1703.3749934826265,17.3,MDR,1973000.0
49,19.89411613354419,1256.47486826642,,,,
50,19.848056237643597,1270.15349173338,1793.6866030455865,17.1,MDR,519000.0
51,19.802161958391892,1283.83211520034,,,,
52,19.75643304964646,1297.5107386673003,2435.033754885657,17.0,MDR,552000.0
53,19.71086926526468,1311.1893621342606,,,,
54,19.66547035910394,1324.8679856012207,,,,
55,19.620236085021613,1338.5466090681807,,,,
56,19.57516619687508,1352.225232535141,2319.500373588278,16.7,MDR,843000.0
57,19.530260448521727,1365.9038560021013,10873.717248332985,16.7,LDC,922000.0
58,19.48551859381893,1379.5824794690614,,,,
59,19.440940386624078,1393.2611029360214,,,MDR,9486000.0
60,19.39652558079454,1406.9397264029817,,,,
61,19.352273930187703,1420.618349869942,7328.127625422331,10.4,MDR,9486000.0
62,19.30818518866095,1434.296973336902,1761.1420614304482,16.7,MDR,1163000.0
63,19.26425911007166,1447.9755968038621,,,MDR,1163000.0
64,19.220495448277212,1461.6542202708224,,,,
65,19.176893957134986,1475.3328437377827,,,,
66,19.133454390502372,1489.0114672047428,,,,
67,19.090176502236737,1502.6900906717028,,,,
68,19.047060046195476,1516.368714138663,,,,
69,19.004104776235955,1530.0473376056234,1797.5711147563775,16.5,MDR,4674000.0
70,18.96131044621557,1543.7259610725835,,,,
71,18.91867680999169,1557.4045845395435,,,,
72,18.876203621421702,1571.0832080065038,,,,
73,18.833890634362987,1584.761831473464,,,,
74,18.791737602672924,1598.4404549404242,,,,
75,18.749744280208894,1612.1190784073842,2343.0618587472,16.0,MDR,5031000.0
76,18.707910420828277,1625.7977018743445,1957.9895084747811,15.9,MDR,3279000.0
77,18.666235778388454,1639.4763253413048,,,,
78,18.624720106746807,1653.1549488082649,,,,
79,18.583363159760715,1666.833572275225,,,,
80,18.542164691287567,1680.5121957421852,,,,
81,18.50112445518473,1694.1908192091455,,,,
82,18.460242205309598,1707.8694426761056,,,,
83,18.419517695519545,1721.5480661430656,586.2223183853712,15.3,MDR,689000.0
84,18.378950679671952,1735.226689610026,,,,
85,18.3385409116242,1748.9053130769862,,,,
86,18.29828814523367,1762.5839365439463,2387.7800076196704,15.1,MDR,796000.0
87,18.258192134357746,1776.2625600109063,,,LDC,1181000.0
88,18.218252632853805,1789.9411834778666,2522.826693766978,15.0,MDR,955000.0
89,18.17846939457923,1803.619806944827,12658.707473909863,14.9,LDC,947000.0
90,18.138842173391406,1817.298430411787,3285.191572570748,14.9,MDR,997000.0
91,18.099370723147704,1830.977053878747,13146.864107853737,14.9,LDC,697000.0
92,18.06005479770551,1844.6556773457073,2944.975057475338,14.8,MDR,605000.0
93,18.020894150922206,1858.3343008126676,,,,
94,17.981888536655173,1872.0129242796277,2433.953195679722,14.7,MDR,1436000.0
95,17.943037708761793,1885.6915477465877,,,,
96,17.90434142109944,1899.370171213548,1836.293503066093,14.6,MDR,4524000.0
97,17.8657994275255,1913.0487946805083,,,,
98,17.827411481897354,1926.7274181474684,2636.5975217681444,14.2,MDR,1484000.0
99,17.789177338072385,1940.4060416144284,,,,
100,17.751096749907965,1954.0846650813887,2790.0108242959345,13.9,MDR,3185000.0
101,17.713169471261487,1967.763288548349,8704.871831192297,13.9,LDC,1814000.0
102,17.675395255990324,1981.441912015309,5858.938720169655,13.8,MDR,951000.0
103,17.637773857951856,1995.1205354822691,,,,
104,17.600305031003472,2008.7991589492294,,,,
105,17.562988529002542,2022.4777824161897,,,,
106,17.525824105806457,2036.1564058831498,,,,
107,17.488811515272587,2049.83502935011,,,,
108,17.451950511258325,2063.51365281707,2047.5898146837417,13.3,MDR,575000.0
109,17.415240847621046,2077.1922762840304,,,,
110,17.37868227821813,2090.8708997509902,,,,
111,17.342274556906958,2104.5495232179505,,,,
112,17.30601743754491,2118.228146684911,,,,
113,17.269910673989372,2131.906770151871,,,,
114,17.233954020097716,2145.5853936188314,,,,
115,17.198147229727333,2159.2640170857912,3210.747869773694,13.1,MDR,606000.0
116,17.1624900567356,2172.9426405527515,,,,
117,17.126982254979893,2186.621264019712,,,,
118,17.091623578317602,2200.2998874866717,,,LDC,611000.0
119,17.0564137806061,2213.978510953632,,,LDC,21254000.0
120,17.02135261570277,2227.6571344205922,,,,
121,16.986439837464992,2241.3357578875525,5729.962090475217,12.9,MDR,1019000.0
122,16.951675199750152,2255.014381354513,10263.524543041753,12.9,LDC,674000.0
123,16.917058456415628,2268.6930048214726,10052.096213619827,12.9,LDC,590000.0
124,16.882589361318797,2282.371628288433,7440.333968956341,12.8,MDR,798000.0
125,16.848267668317042,2296.050251755393,4151.161313722791,12.8,MDR,583000.0
126,16.81409313126775,2309.728875222353,,,,
127,16.780065504028293,2323.4074986893133,,,,
128,16.746184540456056,2337.0861221562736,6535.111970999425,12.6,MDR,794000.0
129,16.712449994408423,2350.764745623234,,,,
130,16.67886161974277,2364.443369090194,,,,
131,16.64541917031648,2378.121992557154,,,,
132,16.61212239998693,2391.8006160241143,9938.265391256067,12.5,LDC,628000.0
133,16.578971062611505,2405.4792394910746,,,,
134,16.545964912047587,2419.1578629580345,,,,
135,16.513103702152552,2432.8364864249947,,,,
136,16.480387186783787,2446.515109891955,5168.060695138237,12.3,MDR,698000.0
137,16.447815119798666,2460.1937333589153,,,,
138,16.415387255054576,2473.8723568258756,,,,
139,16.383103346408895,2487.5509802928354,6958.8634859349,12.2,MDR,1229000.0
140,16.350963147719007,2501.2296037597957,,,,
141,16.318966412842283,2514.908227226756,,,,
142,16.28711289563612,2528.586850693716,,,,
143,16.255402349957883,2542.265474160676,,,,
144,16.223834529664963,2555.9440976276364,,,,
145,16.192409188614736,2569.6227210945967,,,LDC,844000.0
146,16.161126080664584,2583.301344561557,11133.70691653183,12.1,LDC,844000.0
147,16.12998495967189,2596.979968028517,,,,
148,16.098985579494034,2610.658591495477,,,,
149,16.068127693988394,2624.3372149624374,,,,
150,16.037411057012356,2638.0158384293973,,,LDC,889000.0
151,16.006835422423293,2651.6944618963576,,,,
152,15.976400544078595,2665.373085363318,,,,
153,15.946106175835638,2679.051708830278,3833.6357562674425,11.7,MDR,3533000.0
154,15.915952071551803,2692.7303322972384,,,,
155,15.885937985084471,2706.4089557641983,5271.0658078287515,11.6,MDR,553000.0
156,15.856063670291025,2720.0875792311585,,,,
157,15.826328881028843,2733.766202698119,,,,
158,15.796733371155309,2747.4448261650787,,,,
159,15.7672768945278,2761.123449632039,,,,
160,15.7379592050037,2774.8020730989992,6301.500389334485,11.5,LDC,1687000.0
161,15.708780056440386,2788.4806965659595,4967.3763255699505,11.4,MDR,704000.0
162,15.679739202695242,2802.15932003292,,,,
163,15.65083639762565,2815.8379434998797,,,,
164,15.62207139508899,2829.51656696684,7004.035538595246,11.2,MDR,1013000.0
165,15.593443948942642,2843.1951904338002,,,,
166,15.564953813043987,2856.87381390076,5639.346493540316,11.1,MDR,1700000.0
167,15.536600741250405,2870.5524373677204,,,,
168,15.508384487419278,2884.2310608346806,7327.839705616534,11.1,MDR,1810000.0
169,15.480304805407986,2897.909684301641,,,,
170,15.452361449073912,2911.588307768601,,,,
171,15.424554172274435,2925.266931235561,,,,
172,15.396882728866938,2938.9455547025213,,,,
173,15.369346872708798,2952.6241781694816,5493.781599645871,11.0,MDR,647000.0
174,15.3419463576574,2966.3028016364415,5952.54206523034,10.9,MDR,508000.0
175,15.314680937570122,2979.9814251034018,12270.281290223089,10.9,LDC,538000.0
176,15.287550366304346,2993.660048570362,,,,
177,15.260554397717453,3007.3386720373223,9807.314925976674,10.8,MDR,809000.0
178,15.233692785666822,3021.0172955042826,6966.178445063984,10.8,LDC,507000.0
179,15.20696528400984,3034.6959189712425,10045.386919380719,10.8,MDR,3276000.0
180,15.180371646603877,3048.3745424382028,6513.826440739683,10.8,MDR,681000.0
181,15.153911627306325,3062.053165905163,,,,
182,15.127584979974559,3075.731789372123,,,MDR,2374000.0
183,15.10139145846596,3089.410412839083,5192.460551653439,10.6,MDR,2374000.0
184,15.075330816637912,3103.0890363060435,4843.976706193787,10.5,MDR,1043000.0
185,15.049402808347791,3116.7676597730037,,,,
186,15.023607187452983,3130.446283239964,,,LDC,1230000.0
187,14.997943707810867,3144.124906706924,10060.227111802675,10.4,LDC,1230000.0
188,14.972412123278822,3157.803530173884,7420.4883446261565,10.4,MDR,3217000.0
189,14.947012187714229,3171.4821536408444,,,,
190,14.921743654974472,3185.1607771078043,4373.066065982947,10.3,LDC,1285000.0
191,14.89660627891693,3198.8394005747646,3911.3103209800993,10.2,MDR,1715000.0
192,14.871599813398984,3212.518024041725,,,,
193,14.846724012278013,3226.196647508685,3606.629138169979,10.1,MDR,2795000.0
194,14.821978629411403,3239.8752709756454,,,,
195,14.79736341865653,3253.5538944426053,14251.167161878586,10.1,LDC,3517000.0
196,14.772878133870776,3267.2325179095656,4599.828405220831,10.1,MDR,1125000.0
197,14.748522528911522,3280.911141376526,,,MDR,6942000.0
198,14.724296357636153,3294.5897648434857,,,,
199,14.700199373902041,3308.268388310446,6282.155436248602,9.9,LDC,1099000.0
200,14.676231331566573,3321.9470117774063,6790.390353606828,9.9,MDR,1129000.0
201,14.65239198448713,3335.6256352443665,,,,
202,14.628681086521093,3349.304258711327,,,,
203,14.60509839152584,3362.9828821782867,7886.127884457046,9.8,LDC,748000.0
204,14.581643653358753,3376.661505645247,3434.52935016735,9.7,MDR,5055000.0
205,14.558316625877215,3390.3401291122073,,,,
206,14.535117062938603,3404.018752579167,12271.7248866876,9.5,LDC,11049000.0
207,14.512044718400304,3417.6973760461274,9005.581733668027,9.5,LDC,1762000.0
208,14.48909934611969,3431.3759995130877,,,,
209,14.46628069995415,3445.054622980048,,,MDR,3512000.0
210,14.44358853376106,3458.7332464470082,8766.404822708013,9.5,MDR,3512000.0
211,14.421022601397805,3472.411869913968,9570.180987870071,9.4,LDC,3289000.0
212,14.398582656721763,3486.0904933809284,,,,
213,14.376268453590313,3499.7691168478887,,,,
214,14.35407974586084,3513.4477403148485,,,LDC,762000.0
215,14.332016287390724,3527.126363781809,,,,
216,14.310077832037344,3540.804987248769,,,,
217,14.288264133658082,3554.4836107157294,14120.419881506603,9.2,LDC,779000.0
218,14.266574946110318,3568.1622341826896,,,,
219,14.245010023251437,3581.8408576496495,5745.223600458171,9.1,MDR,1005000.0
220,14.223569118938816,3595.5194811166098,,,LDC,7971000.0
221,14.202251987029829,3609.19810458357,,,,
222,14.181058381381874,3622.87672805053,5789.7016742434635,8.9,MDR,603000.0
223,14.159988055852317,3636.55535151749,,,,
224,14.139040764298546,3650.2339749844505,,,,
225,14.118216260577938,3663.9125984514108,,,,
226,14.097514298547878,3677.591221918371,,,,
227,14.076934632065742,3691.269845385331,,,,
228,14.056477014988914,3704.948468852291,,,,
229,14.036141201174775,3718.6270923192515,,,,
230,14.01592694448071,3732.3057157862113,,,,
231,13.995833998764088,3745.9843392531716,,,,
232,13.9758621178823,3759.662962720132,,,,
233,13.956011055692723,3773.341586187092,,,,
234,13.93628056605274,3787.0202096540525,,,,
235,13.916670402819735,3800.6988331210123,,,,
236,13.89718031985108,3814.3774565879726,,,,
237,13.87781007100416,3828.056080054933,,,,
238,13.858559410136355,3841.7347035218927,,,,
239,13.83942809110505,3855.413326988853,,,,
240,13.820415867767624,3869.0919504558133,,,,
241,13.801522493981455,3882.7705739227736,,,,
242,13.782747723603926,3896.449197389734,,,,
243,13.764091310492418,3910.1278208566937,,,,
244,13.745553008504313,3923.806444323654,,,,
245,13.727132571496988,3937.4850677906143,,,,
246,13.70882975332783,3951.163691257574,,,,
247,13.690644307854214,3964.8423147245344,,,,
248,13.672575988933524,3978.5209381914947,,,,
249,13.654624550423136,3992.199561658455,,,,
250,13.636789746180439,4005.8781851254153,,,,
251,13.619071330062809,4019.556808592375,,,,
252,13.601469055927629,4033.2354320593354,,,,
253,13.583982677632276,4046.9140555262957,,,,
254,13.566611949034133,4060.5926789932555,,,,
255,13.549356623990583,4074.271302460216,,,,
256,13.532216456359006,4087.949925927176,,,,
257,13.515191199996783,4101.628549394136,,,,
258,13.498280608761291,4115.307172861097,,,,
259,13.481484436509913,4128.9857963280565,,,,
260,13.464802437100033,4142.664419795017,,,,
261,13.448234364389029,4156.343043261977,,,,
262,13.431779972234283,4170.021666728937,,,,
263,13.415439014493174,4183.700290195897,,,,
264,13.399211245023087,4197.3789136628575,,,,
265,13.383096417681397,4211.057537129818,,,,
266,13.367094286325493,4224.736160596778,,,,
267,13.351204604812743,4238.414784063738,,,,
268,13.335427127000543,4252.093407530698,,,,
269,13.319761606746262,4265.7720309976585,,,,
270,13.304207797907283,4279.450654464618,,,,
271,13.288765454340995,4293.129277931579,,,,
272,13.273434329904772,4306.807901398539,,,,
273,13.258214178455995,4320.486524865499,,,,
274,13.243104753852045,4334.1651483324595,,,,
275,13.228105809950309,4347.843771799419,,,,
276,13.213217100608157,4361.52239526638,,,,
277,13.198438379682974,4375.20101873334,,,,
278,13.183769401032148,4388.8796422003,,,,
279,13.169209918513053,4402.55826566726,,,,
280,13.154759685983072,4416.23688913422,,,,
281,13.140418457299582,4429.915512601181,,,,
282,13.126185986319971,4443.594136068141,,,,
283,13.112062026901613,4457.272759535101,,,,
284,13.098046332901895,4470.9513830020605,,,,
285,13.08413865817819,4484.630006469021,,,,
286,13.070338756587887,4498.308629935981,,,,
287,13.056646381988362,4511.987253402942,,,,
288,13.043061288236995,4525.665876869902,,,,
289,13.029583229191175,4539.3445003368615,,,,
290,13.016211958708272,4553.023123803822,,,,
291,13.002947230645676,4566.701747270782,,,,
292,12.989788798860758,4580.380370737743,,,,
293,12.976736417210912,4594.058994204703,,,,
294,12.963789839553506,4607.7376176716625,,,,
295,12.95094881974593,4621.416241138622,,,,
296,12.938213111645556,4635.094864605583,,,,
297,12.925582469109774,4648.773488072544,,,,
298,12.913056645995962,4662.452111539504,,,,
299,12.900635396161498,4676.1307350064635,,,,
300,12.888318473463766,4689.809358473423,,,,
301,12.876105631760144,4703.487981940384,,,,
302,12.863996624908019,4717.166605407344,,,,
303,12.851991206764762,4730.845228874305,,,,
304,12.840089131187762,4744.5238523412645,,,,
305,12.828290152034397,4758.202475808224,,,,
306,12.816594023162045,4771.881099275185,,,,
307,12.805000498428095,4785.559722742145,,,,
308,12.793509331689918,4799.238346209106,,,,
309,12.782120276804905,4812.9169696760655,,,,
310,12.770833087630427,4826.595593143025,,,,
311,12.759647518023874,4840.274216609986,,,,
312,12.748563321842619,4853.952840076946,,,,
313,12.73758025294405,4867.631463543906,,,,
314,12.72669806518554,4881.3100870108665,,,,
315,12.715916512424473,4894.988710477826,,,,
316,12.705235348518237,4908.667333944786,,,,
317,12.6946543273242,4922.345957411747,,,,
318,12.684173202699753,4936.024580878707,,,,
319,12.673791728502273,4949.7032043456675,,,,
320,12.663509658589145,4963.381827812627,,,,
321,12.65332674681774,4977.060451279587,,,,
322,12.64324274704545,4990.739074746548,,,,
323,12.633257413129648,5004.417698213508,,,,
324,12.623370498927716,5018.0963216804685,,,,
325,12.613581758297043,5031.774945147428,,,,
326,12.603890945094998,5045.453568614388,,,,
327,12.594297813178972,5059.132192081349,,,,
328,12.584802116406339,5072.810815548309,,,,
329,12.575403608634485,5086.4894390152685,,,,
330,12.566102043720784,5100.168062482229,,,,
331,12.556897175522625,5113.846685949189,,,,
332,12.547788757897383,5127.525309416149,,,,
333,12.538776544702438,5141.20393288311,,,,
334,12.529860289795177,5154.8825563500695,,,,
335,12.521039747032976,5168.56117981703,,,,
336,12.512314670273222,5182.23980328399,,,,
337,12.503684813373283,5195.91842675095,,,,
338,12.495149930190557,5209.597050217911,,,,
339,12.48670977458241,5223.2756736848705,,,,
340,12.478364100406234,5236.954297151831,,,,
341,12.4701126615194,5250.632920618791,,,,
342,12.461955211779298,5264.311544085751,,,,
343,12.4538915050433,5277.990167552712,,,,
344,12.445921295168795,5291.6687910196715,,,,
345,12.43804433601316,5305.347414486631,,,,
346,12.430260381433772,5319.026037953592,,,,
347,12.422569185288022,5332.704661420552,,,,
348,12.414970501433281,5346.383284887512,,,,
349,12.40746408372694,5360.0619083544725,,,,
350,12.400049686026367,5373.740531821432,,,,
351,12.39272706218895,5387.419155288393,,,,
352,12.385495966072073,5401.097778755353,,,,
353,12.37835615153311,5414.776402222313,,,,
354,12.371307372429449,5428.4550256892735,,,,
355,12.364349382618464,5442.133649156233,,,,
356,12.35748193595754,5455.812272623194,,,,
357,12.350704786304057,5469.490896090154,,,,
358,12.344017687515397,5483.169519557114,,,,
359,12.337420393448939,5496.8481430240745,,,,
360,12.330912657962067,5510.526766491034,,,,
361,12.324494234912152,5524.205389957994,,,,
362,12.318164878156587,5537.884013424955,,,,
363,12.311924341552748,5551.562636891915,,,,
364,12.305772378958013,5565.241260358875,,,,
365,12.299708744229774,5578.919883825835,,,,
366,12.293733191225396,5592.598507292795,,,,
367,12.287845473802273,5606.277130759756,,,,
368,12.282045345817775,5619.955754226716,,,,
369,12.276332561129294,5633.634377693676,,,,
370,12.270706873594202,5647.313001160636,,,,
371,12.265168037069882,5660.991624627596,,,,
372,12.25971580541372,5674.670248094557,,,,
373,12.254349932483091,5688.348871561517,,,,
374,12.24907017213538,5702.027495028477,,,,
375,12.24387627822796,5715.706118495437,,,,
376,12.238768004618224,5729.384741962397,,,,
377,12.233745105163543,5743.063365429357,,,,
378,12.228807333721303,5756.741988896318,,,,
379,12.223954444148882,5770.4206123632775,,,,
380,12.219186190303663,5784.099235830237,,,,
381,12.214502326043023,5797.777859297198,,,,
382,12.209902605224345,5811.456482764158,,,,
383,12.205386781705018,5825.135106231119,,,,
384,12.200954609342409,5838.8137296980785,,,,
385,12.19660584199391,5852.492353165038,,,,
386,12.192340233516896,5866.170976631999,,,,
387,12.188157537768753,5879.849600098959,,,,
388,12.18405750860685,5893.52822356592,,,,
389,12.180039899888579,5907.2068470328795,,,,
390,12.176104465471319,5920.885470499839,,,,
391,12.172250959212446,5934.5640939668,,,,
392,12.168479134969353,5948.24271743376,,,,
393,12.164788746599406,5961.92134090072,,,,
394,12.161179547959996,5975.5999643676805,,,,
395,12.157651292908497,5989.27858783464,,,,
396,12.154203735302296,6002.9572113016,,,,
397,12.150836628998771,6016.635834768561,,,,
398,12.147549727855305,6030.314458235521,,,,
399,12.14434278572927,6043.9930817024815,,,,
400,12.141215556478052,6057.671705169441,,,,
401,12.138167793959042,6071.350328636401,,,,
402,12.135199252029611,6085.028952103362,,,,
403,12.132309684547138,6098.707575570322,,,,
404,12.12949884536901,6112.3861990372825,,,,
405,12.126766488352605,6126.064822504242,,,,
406,12.1241123673553,6139.743445971202,,,,
407,12.121536236234482,6153.422069438163,,,,
408,12.119037848847531,6167.100692905123,,,,
409,12.116616959051825,6180.779316372083,,,,
410,12.11427332070475,6194.457939839043,,,,
411,12.112006687663678,6208.136563306003,,,,
412,12.109816813786,6221.815186772963,,,,
413,12.107703452929087,6235.493810239924,,,,
414,12.10566635895033,6249.172433706884,,,,
415,12.103705285707102,6262.851057173844,,,,
416,12.10181998705679,6276.529680640804,,,,
417,12.100010216856766,6290.208304107764,,,,
418,12.098275728964419,6303.886927574725,,,,
419,12.096616277237128,6317.565551041685,,,,
420,12.095031615532275,6331.244174508645,,,,
421,12.093521497707236,6344.922797975605,,,,
422,12.092085677619398,6358.601421442565,,,,
423,12.09072390912614,6372.280044909526,,,,
424,12.089435946084834,6385.958668376486,,,,
425,12.088221542352876,6399.637291843445,,,,
426,12.087080451787639,6413.315915310406,,,,
427,12.086012428246502,6426.994538777366,,,,
428,12.08501722558685,6440.673162244326,,,,
429,12.08409459766606,6454.3517857112865,,,,
430,12.08324429834152,6468.030409178246,,,,
431,12.0824660814706,6481.709032645207,,,,
432,12.081759700910688,6495.387656112167,,,,
433,12.081124910519165,6509.066279579127,,,,
434,12.080561464153408,6522.7449030460875,,,,
435,12.080069115670803,6536.423526513047,,,,
436,12.079647618928725,6550.102149980008,,,,
437,12.079296727784566,6563.780773446968,,,,
438,12.07901619609569,6577.459396913928,,,,
439,12.078805777719495,6591.1380203808885,,,,
440,12.078665226513344,6604.816643847848,,,,
441,12.07859429633464,6618.495267314808,,,,
442,12.078592741040744,6632.173890781769,,,,
443,12.078660314489046,6645.852514248729,,,,
444,12.078796770536925,6659.531137715689,,,,
445,12.079001863041757,6673.209761182649,,,,
446,12.079275345860935,6686.888384649609,,,,
447,12.079616972851827,6700.56700811657,,,,
448,12.080026497871835,6714.24563158353,,,,
449,12.080503674778306,6727.92425505049,,,,
450,12.081048257428652,6741.60287851745,,,,
451,12.081659999680234,6755.28150198441,,,,
452,12.082338655390448,6768.960125451371,,,,
453,12.083083978416656,6782.638748918331,,,,
454,12.083895722616258,6796.317372385291,,,,
455,12.084773641846628,6809.995995852251,,,,
456,12.085717489965141,6823.674619319211,,,,
457,12.086727020829187,6837.353242786171,,,,
458,12.087801988296142,6851.031866253132,,,,
459,12.088942146223385,6864.710489720092,,,,
460,12.090147248468298,6878.389113187051,,,,
461,12.091417048888271,6892.067736654012,,,,
462,12.092751301340673,6905.746360120972,,,,
463,12.094149759682885,6919.424983587933,,,,
464,12.095612177772296,6933.103607054893,,,,
465,12.097138309466278,6946.782230521852,,,,
466,12.098727908622227,6960.460853988813,,,,
467,12.100380729097505,6974.139477455773,,,,
468,12.102096524749506,6987.818100922734,,,,
469,12.1038750494356,7001.496724389694,,,,
470,12.105716057013183,7015.175347856653,,,,
471,12.107619301339621,7028.853971323614,,,,
472,12.109584536272301,7042.532594790574,,,,
473,12.111611515668606,7056.211218257534,,,,
474,12.11369999338591,7069.8898417244945,,,,
475,12.115849723281606,7083.568465191454,,,,
476,12.118060459213059,7097.247088658414,,,,
477,12.120331955037667,7110.925712125375,,,,
478,12.122663964612794,7124.604335592335,,,,
479,12.125056241795832,7138.2829590592955,,,,
480,12.127508540444165,7151.961582526255,,,,
481,12.130020614415159,7165.640205993215,,,,
482,12.132592217566206,7179.318829460176,,,,
483,12.135223103754686,7192.997452927136,,,,
484,12.137913026837985,7206.6760763940965,,,,
485,12.140661740673465,7220.354699861056,,,,
486,12.143468999118525,7234.033323328016,,,,
487,12.146334556030546,7247.711946794977,,,,
488,12.149258165266893,7261.390570261937,,,,
489,12.15223958068497,7275.069193728897,,,,
490,12.155278556142129,7288.747817195857,,,,
491,12.158374845495779,7302.426440662817,,,,
492,12.161528202603282,7316.105064129777,,,,
493,12.164738381322021,7329.783687596738,,,,
494,12.16800513550939,7343.462311063698,,,,
495,12.171328219022758,7357.140934530658,,,,
496,12.174707385719515,7370.819557997618,,,,
497,12.178142389457022,7384.498181464578,,,,
498,12.181632984092687,7398.176804931539,,,,
499,12.185178923483875,7411.855428398499,,,,
500,12.18877996148796,7425.534051865459,,,,
501,12.192435851962344,7439.212675332419,,,,
502,12.19614634876439,7452.891298799379,,,,
503,12.199911205751487,7466.56992226634,,,,
504,12.203730176781015,7480.2485457333,,,,
505,12.207603015710347,7493.927169200259,,,,
506,12.21152947639688,7507.60579266722,,,,
507,12.215509312697982,7521.28441613418,,,,
508,12.219542278471035,7534.96303960114,,,,
509,12.223628127573427,7548.641663068101,,,,
510,12.227766613862531,7562.32028653506,,,,
511,12.23195749119574,7575.998910002021,,,,
512,12.236200513430415,7589.677533468981,,,,
513,12.240495434423948,7603.356156935941,,,,
514,12.244842008033725,7617.034780402902,,,,
515,12.249239988117118,7630.713403869861,,,,
516,12.253689128531516,7644.392027336822,,,,
517,12.258189183134295,7658.070650803782,,,,
518,12.262739905782837,7671.749274270742,,,,
519,12.267341050334522,7685.427897737703,,,,
520,12.271992370646721,7699.106521204662,,,,
521,12.27669362057684,7712.785144671622,,,,
522,12.281444553982233,7726.463768138583,,,,
523,12.286244924720304,7740.142391605543,,,,
524,12.291094486648412,7753.821015072503,,,,
525,12.295992993623958,7767.499638539463,,,,
526,12.300940199504307,7781.178262006423,,,,
527,12.30593585814685,7794.856885473384,,,,
528,12.310979723408963,7808.535508940344,,,,
529,12.31607154914802,7822.214132407304,,,,
530,12.321211089221418,7835.892755874264,,,,
531,12.326398097486528,7849.571379341224,,,,
532,12.331632327800733,7863.250002808185,,,,
533,12.336913534021413,7876.928626275145,,,,
534,12.342241470005952,7890.607249742105,,,,
535,12.347615889611724,7904.285873209065,,,,
536,12.353036546696117,7917.964496676025,,,,
537,12.358503195116505,7931.643120142985,,,,
538,12.364015588730283,7945.321743609946,,,,
539,12.36957348139481,7959.000367076906,,,,
540,12.37517662696748,7972.678990543865,,,,
541,12.380824779305676,7986.357614010826,,,,
542,12.386517692266779,8000.036237477786,,,,
543,12.39225511970816,8013.714860944747,,,,
544,12.398036815487213,8027.393484411707,,,,
545,12.40386253346131,8041.072107878666,,,,
546,12.409732027487827,8054.750731345627,,,,
547,12.415645051424164,8068.429354812587,,,,
548,12.421601359127678,8082.107978279548,,,,
549,12.427600704455767,8095.786601746508,,,,
550,12.433642841265812,8109.465225213467,,,,
551,12.439727523415172,8123.143848680428,,,,
552,12.445854504761261,8136.822472147388,,,,
553,12.45202353916143,8150.501095614348,,,,
554,12.458234380473087,8164.179719081309,,,,
555,12.464486782553585,8177.858342548268,,,,
556,12.470780499260329,8191.536966015228,,,,
557,12.477115284450676,8205.215589482188,,,,
558,12.483490891982047,8218.894212949148,,,,
559,12.489907075711777,8232.57283641611,,,,
560,12.496363589497271,8246.25145988307,,,,
561,12.502860187195893,8259.93008335003,,,,
562,12.50939662266505,8273.60870681699,,,,
563,12.515972649762094,8287.28733028395,,,,
564,12.522588022344443,8300.96595375091,,,,
565,12.52924249426944,8314.64457721787,,,,
566,12.535935819394489,8328.32320068483,,,,
567,12.542667751576964,8342.00182415179,,,,
568,12.549438044674236,8355.68044761875,,,,
569,12.5562464525437,8369.35907108571,,,,
570,12.56309272904273,8383.037694552671,,,,
571,12.569976628028716,8396.716318019631,,,,
572,12.57689790335903,8410.394941486591,,,,
573,12.58385630889105,8424.073564953553,,,,
574,12.59085159848216,8437.752188420513,,,,
575,12.597883525989744,8451.430811887472,,,,
576,12.604951845271188,8465.109435354432,,,,
577,12.61205631018386,8478.788058821392,,,,
578,12.619196674585144,8492.466682288352,,,,
579,12.626372692332424,8506.145305755312,,,,
580,12.633584117283092,8519.823929222273,,,,
581,12.640830703294512,8533.502552689233,,,,
582,12.64811220422407,8547.181176156193,,,,
583,12.655428373929144,8560.859799623155,,,,
584,12.662778966267126,8574.538423090115,,,,
585,12.670163735095379,8588.217046557074,,,,
586,12.677582434271308,8601.895670024034,,,,
587,12.685034817652266,8615.574293490994,,,,
588,12.692520639095655,8629.252916957954,,,,
589,12.700039652458841,8642.931540424914,,,,
590,12.707591611599227,8656.610163891874,,,,
591,12.715176270374165,8670.288787358835,,,,
592,12.722793382641058,8683.967410825795,,,,
593,12.730442702257278,8697.646034292755,,,,
594,12.738123983080204,8711.324657759717,,,,
595,12.745836978967226,8725.003281226676,,,,
596,12.753581443775715,8738.681904693636,,,,
597,12.76135713136306,8752.360528160596,,,,
598,12.769163795586628,8766.039151627556,,,,
599,12.777001190303821,8779.717775094516,,,,
600,12.784869069372,8793.396398561476,,,,
601,12.792767186648557,8807.075022028437,,,,
602,12.800695295990863,8820.753645495397,,,,
603,12.808653151256323,8834.432268962357,,,,
604,12.816640506302292,8848.110892429317,,,,
605,12.824657114986156,8861.789515896276,,,,
606,12.832702731165302,8875.468139363238,,,,
607,12.840777108697104,8889.146762830198,,,,
608,12.84888000143896,8902.825386297158,,,,
609,12.857011163248231,8916.504009764118,,,,
610,12.865170347982303,8930.182633231077,,,,
611,12.873357309498559,8943.86125669804,,,,
612,12.881571801654381,8957.539880164999,,,,
613,12.889813578307159,8971.218503631959,,,,
614,12.898082393314247,8984.897127098919,,,,
615,12.906378000533053,8998.575750565878,,,,
616,12.914700153820945,9012.25437403284,,,,
617,12.923048607035312,9025.9329974998,,,,
618,12.931423114033514,9039.61162096676,,,,
619,12.939823428672952,9053.29024443372,,,,
620,12.948249304811007,9066.96886790068,,,,
621,12.95670049630506,9080.64749136764,,,,
622,12.965176757012483,9094.326114834601,,,,
623,12.973677840790653,9108.00473830156,,,,
624,12.982203501496969,9121.68336176852,,,,
625,12.990753492988787,9135.36198523548,,,,
626,12.999327569123519,9149.04060870244,,,,
627,13.00792548375852,9162.719232169402,,,,
628,13.01654699075118,9176.397855636362,,,,
629,13.02519184395888,9190.076479103322,,,,
630,13.03385979723901,9203.755102570281,,,,
631,13.042550604448927,9217.433726037241,,,,
632,13.05126401944603,9231.112349504201,,,,
633,13.059999796087702,9244.790972971163,,,,
634,13.068757688231312,9258.469596438123,,,,
635,13.077537449734258,9272.148219905082,,,,
636,13.086338834453898,9285.826843372042,,,,
637,13.095161596247632,9299.505466839002,,,,
638,13.104005488972831,9313.184090305964,,,,
639,13.112870266486887,9326.862713772924,,,,
640,13.121755682647162,9340.541337239883,,,,
641,13.130661491311049,9354.219960706843,,,,
642,13.139587446335923,9367.898584173803,,,,
643,13.148533301579171,9381.577207640765,,,,
644,13.157498810898186,9395.255831107725,,,,
645,13.166483728150322,9408.934454574684,,,,
646,13.175487807192976,9422.613078041644,,,,
647,13.184510801883519,9436.291701508604,,,,
648,13.193552466079346,9449.970324975566,,,,
649,13.202612553637831,9463.648948442526,,,,
650,13.211690818416358,9477.327571909485,,,,
651,13.22078701427229,9491.006195376445,,,,
652,13.229900895063025,9504.684818843405,,,,
653,13.239032214645956,9518.363442310365,,,,
654,13.248180726878438,9532.042065777327,,,,
655,13.257346185617862,9545.720689244286,,,,
656,13.266528344721614,9559.399312711246,,,,
657,13.275726958047073,9573.077936178206,,,,
658,13.284941779451607,9586.756559645166,,,,
659,13.294172562792617,9600.435183112128,,,,
660,13.303419061927471,9614.113806579087,,,,
661,13.312681030713541,9627.792430046047,,,,
662,13.321958223008245,9641.471053513007,,,,
663,13.33125039266892,9655.149676979967,,,,
664,13.340557293552969,9668.828300446927,,,,
665,13.349878679517765,9682.506923913888,,,,
666,13.359214304420703,9696.185547380848,,,,
667,13.368563922119144,9709.864170847808,,,,
668,13.377927286470488,9723.542794314768,,,,
669,13.38730415133211,9737.221417781728,,,,
670,13.396694270561376,9750.90004124869,,,,
671,13.406097398015689,9764.57866471565,,,,
672,13.415513287552415,9778.257288182609,,,,
673,13.424941693028941,9791.935911649569,,,,
674,13.434382368302643,9805.614535116529,,,,
675,13.443835067230907,9819.29315858349,,,,
676,13.453299543671115,9832.97178205045,,,,
677,13.46277555148064,9846.65040551741,,,,
678,13.47226284451687,9860.32902898437,,,,
679,13.481761176637193,9874.00765245133,,,,
680,13.491270301698968,9887.686275918291,,,,
681,13.500789973559598,9901.364899385251,,,,
682,13.510319946076443,9915.043522852211,,,,
683,13.519859973106897,9928.72214631917,,,,
684,13.529409808508348,9942.40076978613,,,,
685,13.538969206138162,9956.07939325309,,,,
686,13.548537919853729,9969.758016720052,,,,
687,13.55811570351242,9983.436640187012,,,,
688,13.567702310971633,9997.115263653972,,,,
689,13.577297496088732,10010.793887120932,,,,
690,13.586901012721114,10024.472510587892,,,,
691,13.59651261472613,10038.151134054853,,,,
692,13.606132055961197,10051.829757521813,,,,
693,13.615759090283689,10065.508380988773,,,,
694,13.625393471550964,10079.187004455733,,,,
695,13.635034953620412,10092.865627922693,,,,
696,13.64468329034942,10106.544251389652,,,,
697,13.654338235595382,10120.222874856614,,,,
698,13.663999543215652,10133.901498323574,,,,
699,13.673666967067625,10147.580121790534,,,,
700,13.68334026100868,10161.258745257494,,,,
701,13.693019178896208,10174.937368724453,,,,
702,13.70270347458758,10188.615992191415,,,,
703,13.712392901940163,10202.294615658375,,,,
704,13.722087214811353,10215.973239125335,,,,
705,13.73178616705853,10229.651862592294,,,,
706,13.741489512539083,10243.330486059254,,,,
707,13.751197005110384,10257.009109526216,,,,
708,13.760908398629809,10270.687732993176,,,,
709,13.770623446954744,10284.366356460136,,,,
710,13.78034190394257,10298.044979927095,,,,
711,13.79006352345067,10311.723603394055,,,,
712,13.799788059336429,10325.402226861017,,,,
713,13.809515265457208,10339.080850327977,,,,
714,13.819244895670408,10352.759473794937,,,,
715,13.828976703833405,10366.438097261896,,,,
716,13.838710443803578,10380.116720728856,,,,
717,13.848445869438315,10393.795344195816,,,,
718,13.858182734594976,10407.473967662778,,,,
719,13.867920793130963,10421.152591129738,,,,
720,13.87765979890365,10434.831214596697,,,,
721,13.88739950577041,10448.509838063657,,,,
722,13.89713966758864,10462.188461530617,,,,
723,13.906880038215718,10475.867084997579,,,,
724,13.916620371509005,10489.545708464539,,,,
725,13.926360421325903,10503.224331931498,,,,
726,13.936099941523786,10516.902955398458,,,,
727,13.945838685960034,10530.581578865418,,,,
728,13.955576408492028,10544.260202332378,,,,
729,13.965312862977164,10557.93882579934,,,,
730,13.975047803272801,10571.6174492663,,,,
731,13.984780983236313,10585.29607273326,,,,
732,13.994512156725108,10598.97469620022,,,,
733,14.004241077596554,10612.653319667179,,,,
734,14.01396749970803,10626.33194313414,,,,
735,14.02369117691692,10640.0105666011,,,,
736,14.033411863080602,10653.68919006806,,,,
737,14.04312931205645,10667.36781353502,,,,
738,14.052843277701868,10681.04643700198,,,,
739,14.06255351387422,10694.725060468942,,,,
740,14.072259774430883,10708.403683935901,,,,
741,14.081961813229249,10722.082307402861,,,,
742,14.0916593841267,10735.760930869821,,,,
743,14.101352240980603,10749.439554336781,,,,
744,14.111040137648352,10763.118177803743,,,,
745,14.120722827987315,10776.796801270702,,,,
746,14.130400065854879,10790.475424737662,,,,
747,14.140071605108432,10804.154048204622,,,,
748,14.149737199605354,10817.832671671582,,,,
749,14.159396603203021,10831.511295138542,,,,
750,14.169049569758805,10845.189918605503,,,,
751,14.178695853130101,10858.868542072463,,,,
752,14.18833520717429,10872.547165539423,,,,
753,14.19796738574874,10886.225789006383,,,,
754,14.207592142710837,10899.904412473343,,,,
755,14.21720923191797,10913.583035940304,,,,
756,14.226818407227526,10927.261659407264,,,,
757,14.236419422496851,10940.940282874224,,,,
758,14.246012031583362,10954.618906341184,,,,
759,14.255595988344432,10968.297529808144,,,,
760,14.265171046637434,10981.976153275104,,,,
761,14.27473696031975,10995.654776742065,,,,
762,14.284293483248753,11009.333400209025,,,,
763,14.293840369281845,11023.012023675985,,,,
764,14.303377372276387,11036.690647142945,,,,
765,14.31290424608978,11050.369270609905,,,,
766,14.32242074457939,11064.047894076866,,,,
767,14.331926621602591,11077.726517543826,,,,
768,14.341421631016786,11091.405141010786,,,,
769,14.350905526679341,11105.083764477746,,,,
770,14.36037806244763,11118.762387944706,,,,
771,14.369838992179055,11132.441011411667,,,,
772,14.379288069730983,11146.119634878627,,,,
773,14.388725048960794,11159.798258345587,,,,
774,14.398149683725876,11173.476881812547,,,,
775,14.40756172788361,11187.155505279507,,,,
776,14.416960935291364,11200.834128746468,,,,
777,14.426347059806531,11214.512752213428,,,,
778,14.4357198552865,11228.191375680388,,,,
779,14.445079075588616,11241.869999147348,,,,
780,14.454424474570303,11255.548622614308,,,,
781,14.463755806088919,11269.227246081267,,,,
782,14.473072824001846,11282.905869548229,,,,
783,14.48237528216648,11296.584493015189,,,,
784,14.491662934440171,11310.263116482149,,,,
785,14.50093553468033,11323.941739949109,,,,
786,14.510192836744324,11337.620363416068,,,,
787,14.519434594489539,11351.29898688303,,,,
788,14.528660561773357,11364.97761034999,,,,
789,14.537870492453145,11378.65623381695,,,,
790,14.547064140386304,11392.33485728391,,,,
791,14.556241259430209,11406.01348075087,,,,
792,14.565401603442226,11419.69210421783,,,,
793,14.574544926279756,11433.37072768479,,,,
794,14.58367098180016,11447.04935115175,,,,
795,14.592779523860834,11460.72797461871,,,,
796,14.60187030631917,11474.40659808567,,,,
797,14.61094308303251,11488.08522155263,,,,
798,14.619997607858274,11501.763845019592,,,,
799,14.629033634653815,11515.442468486552,,,,
800,14.638050917276523,11529.121091953511,,,,
801,14.647049209583805,11542.799715420471,,,,
802,14.656028265433008,11556.478338887431,,,,
803,14.664987838681505,11570.156962354393,,,,
804,14.673927683186719,11583.835585821353,,,,
805,14.68284755280601,11597.514209288312,,,,
806,14.691747201396737,11611.192832755272,,,,
807,14.70062638281631,11624.871456222232,,,,
808,14.709484850922088,11638.550079689194,,,,
809,14.71832235957148,11652.228703156154,,,,
810,14.727138662621854,11665.907326623113,,,,
811,14.735933513930576,11679.585950090073,,,,
812,14.744706667355032,11693.264573557033,,,,
813,14.753457876752634,11706.943197023993,,,,
814,14.762186895980733,11720.621820490955,,,,
815,14.77089347889671,11734.300443957914,,,,
816,14.779577379357931,11747.979067424874,,,,
817,14.788238351221821,11761.657690891834,,,,
818,14.796876148345738,11775.336314358794,,,,
819,14.805490524587057,11789.014937825756,,,,
820,14.814081233803151,11802.693561292715,,,,
821,14.822648029851429,11816.372184759675,,,,
822,14.831190666589244,11830.050808226635,,,,
823,14.839708897873997,11843.729431693595,,,,
824,14.848202477563063,11857.408055160555,,,,
825,14.856671159513816,11871.086678627516,,,,
826,14.865114697583635,11884.765302094476,,,,
827,14.873532845629931,11898.443925561436,,,,
828,14.881925357510049,11912.122549028396,,,,
829,14.890291987081376,11925.801172495356,,,,
830,14.898632488201308,11939.479795962317,,,,
831,14.906946614727197,11953.158419429277,,,,
832,14.915234120516466,11966.837042896237,,,,
833,14.923494759426482,11980.515666363197,,,,
834,14.931728285314598,11994.194289830157,,,,
835,14.93993445203823,12007.872913297118,,,,
836,14.94811301345473,12021.551536764078,,,,
837,14.956263723421493,12035.230160231038,,,,
838,14.9643863357959,12048.908783697998,,,,
839,14.972480604435347,12062.587407164958,,,,
840,14.980546283197185,12076.26603063192,,,,
841,14.988583125938817,12089.94465409888,,,,
842,14.996590886517609,12103.623277565839,,,,
843,15.004569318790942,12117.301901032799,,,,
844,15.012518176616211,12130.980524499759,,,,
845,15.020437213850805,12144.659147966719,,,,
846,15.028326184352075,12158.33777143368,,,,
847,15.03618484197741,12172.01639490064,,,,
848,15.044012940584217,12185.6950183676,,,,
849,15.051810234029837,12199.37364183456,,,,
850,15.059576476171678,12213.05226530152,,,,
851,15.06731142086712,12226.730888768481,,,,
852,15.075014821973532,12240.409512235441,,,,
853,15.082686433348293,12254.0881357024,,,,
854,15.090326008848805,12267.76675916936,,,,
855,15.097933302332436,12281.44538263632,,,,
856,15.105508067656558,12295.12400610328,,,,
857,15.113050058678546,12308.802629570242,,,,
858,15.120559029255823,12322.481253037202,,,,
859,15.128034733245734,12336.159876504162,,,,
860,15.13547692450566,12349.838499971122,,,,
861,15.142885356892997,12363.517123438081,,,,
862,15.15025978426511,12377.195746905043,,,,
863,15.157599960479395,12390.874370372003,,,,
864,15.164905639393226,12404.552993838963,,,,
865,15.172176574863983,12418.231617305923,,,,
866,15.17941252074904,12431.910240772882,,,,
867,15.186613230905799,12445.588864239844,,,,
868,15.193778459191634,12459.267487706804,,,,
869,15.200907959463905,12472.946111173764,,,,
870,15.208001485580013,12486.624734640724,,,,
871,15.21505879139734,12500.303358107683,,,,
872,15.222079630773244,12513.981981574645,,,,
873,15.229063757565129,12527.660605041605,,,,
874,15.236010925630374,12541.339228508565,,,,
875,15.242920888826347,12555.017851975525,,,,
876,15.24979340101045,12568.696475442484,,,,
877,15.256628216040035,12582.375098909444,,,,
878,15.26342508777251,12596.053722376406,,,,
879,15.27018377006523,12609.732345843366,,,,
880,15.276904016775603,12623.410969310326,,,,
881,15.283585581761002,12637.089592777285,,,,
882,15.290228218878795,12650.768216244245,,,,
883,15.296831681986376,12664.446839711207,,,,
884,15.303395724941112,12678.125463178167,,,,
885,15.309920101600405,12691.804086645127,,,,
886,15.316404565821607,12705.482710112086,,,,
887,15.322848871462135,12719.161333579046,,,,
888,15.329252772379334,12732.839957046006,,,,
889,15.335616022430614,12746.518580512968,,,,
890,15.341938375473333,12760.197203979928,,,,
891,15.34821958536488,12773.875827446887,,,,
892,15.354459405962658,12787.554450913847,,,,
893,15.36065759112401,12801.233074380807,,,,
894,15.366813894706333,12814.911697847769,,,,
895,15.372928070567028,12828.590321314728,,,,
896,15.378999872563433,12842.268944781688,,,,
897,15.385029054552959,12855.947568248648,,,,
898,15.391015370392985,12869.626191715608,,,,
899,15.396958573940893,12883.30481518257,,,,
900,15.402858419054056,12896.98343864953,,,,
901,15.408714659589869,12910.66206211649,,,,
902,15.414527049405677,12924.34068558345,,,,
903,15.420295342358912,12938.019309050409,,,,
904,15.426019292306911,12951.69793251737,,,,
905,15.43169865310707,12965.37655598433,,,,
906,15.437333178616782,12979.05517945129,,,,
907,15.442922622693423,12992.73380291825,,,,
908,15.448466739194352,13006.41242638521,,,,
909,15.45396528197697,13020.09104985217,,,,
910,15.459418004898666,13033.769673319131,,,,
911,15.464824661816806,13047.448296786091,,,,
912,15.470185006588771,13061.126920253051,,,,
913,15.475498793071942,13074.805543720011,,,,
914,15.480765775123714,13088.48416718697,,,,
915,15.48598570660144,13102.162790653932,,,,
916,15.491158341362535,13115.841414120892,,,,
917,15.496283433264367,13129.520037587852,,,,
918,15.501360736164294,13143.198661054812,,,,
919,15.50639000391972,13156.877284521772,,,,
920,15.511370990388038,13170.555907988732,,,,
921,15.516303449426594,13184.234531455693,,,,
922,15.521187134892799,13197.913154922653,,,,
923,15.52602180064401,13211.591778389613,,,,
924,15.530807200537623,13225.270401856573,,,,
925,15.53554308843102,13238.949025323533,,,,
926,15.540229218181594,13252.627648790494,,,,
927,15.544865343646684,13266.306272257454,,,,
928,15.549451218683707,13279.984895724414,,,,
929,15.553986597150029,13293.663519191374,,,,
930,15.55847123290306,13307.342142658334,,,,
931,15.562904879800122,13321.020766125295,,,,
932,15.567287291698634,13334.699389592255,,,,
933,15.571618222455982,13348.378013059215,,,,
934,15.575897425929533,13362.056636526175,,,,
935,15.58012465597669,13375.735259993135,,,,
936,15.584299666454804,13389.413883460096,,,,
937,15.588422211221257,13403.092506927056,,,,
938,15.592492044133465,13416.771130394016,,,,
939,15.596508919048766,13430.449753860976,,,,
940,15.60047258982457,13444.128377327936,,,,
941,15.604382810318242,13457.807000794895,,,,
942,15.608239334387171,13471.485624261857,,,,
943,15.612041915888732,13485.164247728817,,,,
944,15.615790308680332,13498.842871195777,,,,
945,15.619484266619303,13512.521494662737,,,,
946,15.62312354356306,13526.200118129696,,,,
947,15.626707893368966,13539.878741596658,,,,
948,15.63023706989442,13553.557365063618,,,,
949,15.633710826996804,13567.235988530578,,,,
950,15.637128918533492,13580.914611997538,,,,
951,15.64049109836185,13594.593235464497,,,,
952,15.643797120339286,13608.271858931457,,,,
953,15.647046738323148,13621.950482398419,,,,
954,15.65023970617085,13635.629105865379,,,,
955,15.65337577773974,13649.307729332339,,,,
956,15.656454706887232,13662.986352799298,,,,
957,15.6594762474707,13676.664976266258,,,,
958,15.662440153347497,13690.34359973322,,,,
959,15.665346178375046,13704.02222320018,,,,
960,15.668194076410686,13717.70084666714,,,,
961,15.670983601311825,13731.3794701341,,,,
962,15.673714506935838,13745.05809360106,,,,
963,15.676386547140112,13758.73671706802,,,,
964,15.678999475781985,13772.41534053498,,,,
965,15.681553046718903,13786.09396400194,,,,
966,15.684047013808225,13799.7725874689,,,,
967,15.686481130907303,13813.45121093586,,,,
968,15.688855151873554,13827.129834402822,,,,
969,15.69116883056433,13840.808457869782,,,,
970,15.693421920837025,13854.487081336742,,,,
971,15.695614176549036,13868.165704803701,,,,
972,15.697745351557714,13881.844328270661,,,,
973,15.699815199720454,13895.522951737621,,,,
974,15.701823474894638,13909.201575204583,,,,
975,15.703769930937653,13922.880198671543,,,,
976,15.705654321706874,13936.558822138502,,,,
977,15.707476401059687,13950.237445605462,,,,
978,15.709235922853445,13963.916069072422,,,,
979,15.710932640945565,13977.594692539384,,,,
980,15.712566309193413,13991.273316006344,,,,
981,15.71413668145437,14004.951939473303,,,,
982,15.715643511585803,14018.630562940263,,,,
983,15.717086553445128,14032.309186407223,,,,
984,15.71846556088969,14045.987809874183,,,,
985,15.719780287776885,14059.666433341145,,,,
986,15.7210304879641,14073.345056808104,,,,
987,15.722215915308709,14087.023680275064,,,,
988,15.723336323668093,14100.702303742024,,,,
989,15.724391466899633,14114.380927208984,,,,
990,15.725381098860716,14128.059550675946,,,,
991,15.726304973408688,14141.738174142905,,,,
992,15.727162844400986,14155.416797609865,,,,
993,15.727954465694957,14169.095421076825,,,,
994,15.72867959114798,14182.774044543785,,,,
995,15.729337974617458,14196.452668010746,,,,
996,15.729929369960757,14210.131291477706,,,,
997,15.73045353103526,14223.809914944666,,,,
998,15.730910211698337,14237.488538411626,,,,
999,15.731299165807378,14251.167161878586,,,,
